ticker,marketcap,token_address,graduated_time
<nil>,1276687191.0072477,FFQsXdkm91RD714L7YKzMfEQ5RKsuhwnXWMnrVt2pump,2024-12-27 22:15:29.000 UTC
<nil>,568852744.1928598,6ZkruSRNw3JDM6FNEJf7dfkZZSq9tG5L5TZm53BCpump,2024-12-27 22:05:16.000 UTC
CALVIN,387485562.8184545,229vWzBTiUNdraYpVtSH9usTwwVxcyPDbBWf1zEPpump,2024-12-26 18:20:30.000 UTC
<nil>,306939554.99266523,HZoW31uuBP5WcxHLjEZudE11AZuPuGQS9DKp1okbpump,2024-12-27 22:17:26.000 UTC
<nil>,206744180.79751933,8mxMSJA8rQzQNLV5sLtA12cyxLX3Cpw5VoZ7f9Mupump,2024-12-27 22:10:27.000 UTC
<nil>,185360362.5982045,H5Y8RAMqPqmNTBEdt2oER43GAYjKFwNJ7Gn6gNTLpump,2024-12-27 22:16:25.000 UTC
PIMP,161623023.33189273,3Cbxn7EE79VxMe9pFLyLUVKDKaq7DdwsoV5z4RBqpump,2024-12-26 17:15:10.000 UTC
QNTYX,115762134.29318504,9hncsuv81dQimq8rpZpTa7xtHHEFapibZjpBJ6MMWnv6,2024-12-26 15:24:16.000 UTC
KIKI,104209812.27957404,HhCLbkW6FwhriTkk81W8tYstsRCLUu6Y7Je1SQjVpump,2024-12-21 15:40:01.000 UTC
ghost,94631470.79534224,5kWPvDUqX1JFyiwidFrzwv6uE7rfizo6LMEnWeRJpump,2024-12-27 01:02:09.000 UTC
MIRA,83248500.58795649,RufNMBEbKJr6CM1t3nwakZ3BaE9csF2AR15s32VWcRE,2024-12-26 02:36:13.000 UTC
SPORE,79968508.63107055,8bdhP1UQMevciC9oJ7NrvgDfoW8XPXPfbkkm6vKtMS7N,2024-12-23 04:12:53.000 UTC
swarms,71694584.6518732,74SBV4zDXxTRgv1pEMoECskKBkZHc2yGPnc7GYVepump,2024-12-20 04:46:46.000 UTC
MingLingAI,70312387.8412818,UMrmpYkxgfjrEQAeFn9TP5RaMPT5j2MU3qSpbfZpump,2024-12-27 01:33:10.000 UTC
Cole,62212320.00441392,83LTuc9TaTaM3qjpT7eavD1aXM5LD8Bg4YA4chBQpump,2024-12-26 23:23:54.000 UTC
<nil>,60581497.98270795,2JS1hzSzBMmVdN4GatvZJPcWUsTrmu45WBjYVq5wpump,2024-12-27 22:09:34.000 UTC
YNE,57866668.7277463,7D1iYWfhw2cr9yBZBFE6nZaaSUvXHqG5FizFFEZwpump,2024-12-19 22:03:11.000 UTC
Slut24,51715602.12419059,7Qx6H27iuCqkgpJHo4z11DhRBxApxQxsmKSj9UeLpump,2024-12-26 20:06:33.000 UTC
Quantelope,46520044.97758919,CgNRsC4WMj8K7kLHUHrK6D9Qe3LiaVw9GHNnSavepump,2024-12-26 20:50:09.000 UTC
SNAI,46301931.10823583,Hjw6bEcHtbHGpQr8onG3izfJY5DJiWdt7uk2BfdSpump,2024-12-20 19:09:27.000 UTC
UFA,43137001.73597746,2M4EBJRVkg9tZg5fKgUAmo3PTUZS4ncwSfhQTsyZpump,2024-12-26 23:52:58.000 UTC
Choco,33590996.02295952,Hg91n2CCkr1eyjVdBrv1CUKDASgKPBLMz1t2gkeSpump,2024-12-26 22:58:04.000 UTC
LI,31791814.863314357,HhUVkZ1qz8vfMqZDemLyxBFxrHFKVSYAk7a6227Lpump,2024-12-18 15:57:24.000 UTC
UAI,30694632.090551943,haahyN2RTafHNNySeXKoowgGF7DdX5b5nGNGmghpump,2024-12-19 15:51:18.000 UTC
UAI,30694632.090551943,haahyN2RTafHNNySeXKoowgGF7DdX5b5nGNGmghpump,2024-12-19 16:20:23.000 UTC
ELON,29932335.30925241,2dvMcRyRsKhkAMS4rHmXV6m2ZV1UfH3iogzoRTpXpump,2024-12-27 21:52:09.000 UTC
AKA,29924039.49456983,4TwC4AiF1uUSHES2eBftGqemp6TqjEnKghqiH6dFpump,2024-12-19 20:01:33.000 UTC
SCOUT,28923308.93155061,GLPdQwGtjcynj3RLraenPeR9v1REnpdyuciPBpVipump,2024-12-20 23:27:08.000 UTC
CUJ3,28596391.59764072,DdEx2brkNnieS5TKiewzfK5RN8VSWvrGzrEnCPHwpump,2024-12-27 20:27:01.000 UTC
lou,28058867.3074256,5DQSDg6SGkbsbykq4mQstpcL4d5raEHc6rY7LgBwpump,2024-12-21 21:25:00.000 UTC
Rizzer,27483906.76464493,Fz2z7kvwwCBMQtoSoigTwQgACHh2LnLiTFa2RJG8pump,2024-12-27 21:58:46.000 UTC
sis,26187525.35666053,3j15oH85FTq3n2Td276V9MwUpqqpUmPLaodtTi5Upump,2024-12-27 00:33:44.000 UTC
seahorse,21934834.250812896,7L6M32mpkewGWj8bHspoX8QDe9pb3b3S1U33KpFvpump,2024-12-20 06:30:09.000 UTC
RATSAT,21851382.56144932,GNrsWGc9ve4a3C7KZWsM17wjnSZ9zrbR9SnW3Rk8pump,2024-12-27 00:54:36.000 UTC
HGR,20496808.03445324,Hwh8kSBHvAAw2TMFYAMuS1Kasox7UsUH58RRJvFApump,2024-12-27 00:46:43.000 UTC
THEQUANTUM,19723577.49139876,EsKZZVW8FdY1Q4cVDoZcG6NSK2h2k2EPQwYU9bYYpump,2024-12-26 21:03:55.000 UTC
NEUR,19680506.048748173,3N2ETvNpPNAxhcaXgkhKoY1yDnQfs41Wnxsx5qNJpump,2024-12-23 21:11:02.000 UTC
robocoin,18935636.45851868,8nzCP3xmkpKAq2un87d6Jgg4r3JnvgUSkFemfLbFpump,2024-12-21 02:35:31.000 UTC
TEE,18665079.79559914,CXb1LGBjnae4s8cpeJw6gPsqmHLNdZHS39rwC3zZpump,2024-12-24 02:48:45.000 UTC
USACOIN,17052695.732013933,FkhDua761MF8oDXEfiCKsmMm2v45aFNZCTnKVtrLpump,2024-12-21 13:33:14.000 UTC
ARLO,16414147.314531626,HFUkeUZXQhJ5SreAKFG34VZQBTAEtUdWYgECeCmnpump,2024-12-27 02:14:05.000 UTC
ASSCOIN,16401616.146667331,G3EDZoS49NRVKP8X1HggHZJueJeR8d2izUHeXdV3pump,2024-12-25 21:56:30.000 UTC
AIFEE,16194128.90710317,FDDSjsP7Doe8sL7oHEJape5Q36dbvYdnJVkZYcEspump,2024-12-26 22:08:16.000 UTC
Moochi,16009221.790558834,CADozX8qgsjyoHBxWYMLHXbKgeRfmKkmDLcRAB4mpump,2024-12-26 20:43:24.000 UTC
EDU,15578569.247388797,FrawzFeUoUGFiWqawyYu2Zdgm4rNfz7JirdrJt6Dpump,2024-12-26 22:22:50.000 UTC
<nil>,15474374.195918366,4rouHKQtT1i1wMJW5PaJ4hBozxi19BzvF1eSfUiPpump,2024-12-27 23:59:58.000 UTC
Guitar,15141681.24280252,B9ptjh1cXKPF3bEWBaMEf2njh8oe7hDifiBjWBnWpump,2024-12-27 01:38:52.000 UTC
Ginger,15084849.049552796,igxsVayL5Z1SSRusSSGf3BZdgy1aaX8XhJhvs59pump,2024-12-26 21:58:49.000 UTC
CHUANG,15055014.46234185,76yRoCQJBVWwqifNmUjGCgw9pG7nCEuAHAedf2gkpump,2024-12-26 22:36:54.000 UTC
DREAM,15003376.960499913,8hrZax9eVqdLB1duN2fJ3ji4FwbddPsb96uauEMroBm8,2024-12-27 06:25:48.000 UTC
BETH,14969980.256926244,7uJrMsDN2Wxdc3VAq1iK9N5AHaTA7wUpbm1wqRonpump,2024-12-20 19:35:21.000 UTC
QOAT,14897455.324477091,7F9bK2Gj7X5YY3dYfojoWVQYerFYcaGCni6Czt8Xpump,2024-12-26 20:04:32.000 UTC
Fwaig,14563302.859036911,5Ufor2QVqMmtWNof8YvL7jg4FMUB4zQYwS3Rgo8Fpump,2024-12-27 02:05:00.000 UTC
TrenchAI,14468518.214631882,AaWVpk6eZbgBfVbq1UfXw3EXBmAvw4QXov1xHuG7pump,2024-12-22 17:04:23.000 UTC
FC,14354210.190573558,GzL55aUGMWkJ4FvF8Sei1ysU9LKUd9d87da7ZFsMpump,2024-12-27 01:47:22.000 UTC
BCT,14175322.8767016,8SFpQ1kRbfjbmpnhKzzgd6GA9PZwhiAMQywZh75Dpump,2024-12-19 01:52:55.000 UTC
JUSTAPE,14117560.915837068,BbXxE2fdojSsUAtw7JXJ4qBGxwHk3Avbp813TntTpump,2024-12-27 01:54:27.000 UTC
BEN,14040905.50077804,HDCRVQJ2cEJojXJwcHQJqqqpcLdK31efUNMHc5MMpump,2024-12-26 15:51:13.000 UTC
Lux,13164563.152115444,HMJTSNVu1eHkxiSrLnpowciEaTy1pfuRyEcumJBjpump,2024-12-26 15:22:58.000 UTC
daige,13143631.64391934,HsNx7RirehVMy54xnFtcgCBPDMrwNnJKykageqdWpump,2024-12-18 18:17:36.000 UTC
DALMATIAN,12620491.384173024,3CSeAGiw5TYeuZfB74adUM1M9if1fEDXzr5PrnuNpump,2024-12-26 08:09:11.000 UTC
$qtum,12420738.382454822,HDBnacTNJW2nKdNWSb17KhExjBwvTd6kATArhLUapump,2024-12-26 20:46:47.000 UTC
OK2,11387379.859817907,8c6NFaQbdARH7iZ8wzH4Zd4Ug53MjS2brUXxyeqqpump,2024-12-26 21:54:53.000 UTC
KERMIT,11346204.93266424,7ddXH2WAydRpG4VdKpMkpdjPRUZjhoJ4YZ5aAUV3pump,2024-12-27 19:13:13.000 UTC
Skely,11310322.725583958,GQB9j8P9hREr7oGDSy2UWgq48QUgZwsHFoMcBF7upump,2024-12-24 01:10:50.000 UTC
AIT,10279656.792890046,D4G7rpcQBF5oVQwBzoDwHPiweJ5RYvuEVGdxqmPApump,2024-12-20 19:13:21.000 UTC
MSI,9816999.419167014,E3SPN9aQjT6yeCsQou5wKb5iaG68CbUE8ZnBaFBpump,2024-12-18 12:39:47.000 UTC
Zoog,9710498.360192183,EBzVoCbpFsBU1iKm9GL1k7LcKbNNrVUYk66qXZBTpump,2024-12-27 18:28:38.000 UTC
SVMAI,9669072.783769129,Cpzvdx6pppc9TNArsGsqgShCsKC9NCCjA2gtzHvUpump,2024-12-26 10:52:39.000 UTC
Îã¨ÎßàÏïà,9620911.592025014,8szZVFYje4CWV8PRiXgSdStYwWGhXzwEicLhqcXXpump,2024-12-26 08:29:33.000 UTC
BEYOND,9337998.16976435,AwGtcVRSsSajtx5vyyFvH7UyZPzew7JsbDauSNVnpump,2024-12-27 19:46:05.000 UTC
EJ,9334680.673225,8MWgtfXDvir1rRarS5k9gS3jojQUEJ1SYFGadUcpump,2024-12-24 05:19:15.000 UTC
GIGAüß†,9221037.89970548,GHpAbHZ8MCAXWLdKzxM1ZGhP2U4u1ni5vUcoRSghpump,2024-12-21 14:56:58.000 UTC
alpha,9212058.592181198,Cg93SZJkHePybZqGDuyXLf5Ag5sB2cpWfHUG8wNPpump,2024-12-22 15:57:59.000 UTC
Aura,9173157.892238537,8W3UV8CwwLjjcrUsykFnunSJkVKnUQQ4kHDurPBypump,2024-12-27 09:36:21.000 UTC
ALIEN,9046589.734162971,BJ19Mjzyaw9RmzhK2AKifohrz8DMhDgtEkUKHDGqpump,2024-12-23 20:49:47.000 UTC
GRPH,9002748.411562406,9doRRAik5gvhbEwjbZDbZR6GxXSAfdoomyJR57xKpump,2024-12-20 05:43:31.000 UTC
Beanos,8917161.893704668,4UE3Gdwr4RGdJLdhSbyN5oxH5EGx2fArvTHq4oJqpump,2024-12-27 00:31:54.000 UTC
POLO,8727709.930189218,ExGYo7F2mFpcMhCCMNhrMNUJifeKCXppewq7nUnapump,2024-12-27 19:35:42.000 UTC
SOLUP,8694502.292880764,8CF8vU3iD8MjpGK64mETc3FnLzWJdVRG5kjTyz3bpump,2024-12-22 10:26:54.000 UTC
BAT,8638382.057369225,D8D5EHoepMxgG2hZKH3HGErfuEtZk56XyJZByZbmHp8Z,2024-12-19 17:24:37.000 UTC
flork,8567820.780665128,CnGb7hJsGdsFyQP2uXNWrUgT5K1tovBA3mNnUZcTpump,2024-12-22 20:00:57.000 UTC
PLUTUS,8489140.91045212,Q38MSJhCeAMTtfbuLP8ZKC4s34o5chB8zyXNyErpump,2024-12-26 21:07:23.000 UTC
JASPER,8411721.664309137,FMhxJLNmbw6UVKN3ANDKhFdgdEgqJiUEDnBgtDW4pump,2024-12-18 03:53:03.000 UTC
MILTON,8342458.103015352,DjeXhmRDijY41fTe8kU1GezbZnGQipo1chKzSBePpump,2024-12-26 22:15:34.000 UTC
high,8306491.952879151,2wimTWA6iCWyYhZYTTcBf2VPAJgRUjs6Y9ky4DNepump,2024-12-26 15:00:03.000 UTC
EXO,8275873.784877798,CG73o5Zh2oGKjG9urvpXQR5S3jiSSzkkBf9GomNTpump,2024-12-26 03:19:31.000 UTC
Colossus,8230563.787957263,EJjuKCfWtK4wUWWjxsmvmXAgrTqgEc8FfKD2Pn6ppump,2024-12-26 17:12:58.000 UTC
relaxboy,8134414.954514089,AprPuvV2RsepnqN1ED3KFVtSDZRLKbChh6y57r8Spump,2024-12-25 15:57:27.000 UTC
ELONCOIN,8055946.813899401,68ezQzEjRkHDCrhLYCpzvoY4ADKct6GdVZKPSMCJpump,2024-12-20 04:16:30.000 UTC
daige,7865062.606677762,A9LfgjnWUxujnpud5E3ssKbnNiS1nxRC8Gh74hJTpump,2024-12-18 16:13:10.000 UTC
<nil>,7739131.723477396,EFwsdVwZpzNRKB6yPzyfLZuERDCxwzUv1cBUXkrhpump,2024-12-27 22:08:44.000 UTC
derp,7674397.153560324,A4dZBMg8ZxxBo21RPHJ8BD8zLKpJGTabTgfQRosSpump,2024-12-23 21:15:22.000 UTC
FB,7656309.643278012,FPN6PMi26z3kSwHzabaNnesw8d9NCnspxW4aafXhpump,2024-12-19 04:42:01.000 UTC
PPCOIN,7471662.745080462,76PsEyML7UV9uiBDWMdG3itRRuupDuRs6nNpjNBpump,2024-12-20 22:55:16.000 UTC
NEO,7298361.930066104,8rksTceLhiyqmB2epLkDWYrsPGWNUH1DhnsbeBJspump,2024-12-26 22:57:23.000 UTC
GOT,7274554.722157831,dQfsAXqtxCVmnXuuByouSPRep8tKPL1YeWTNZLQpump,2024-12-26 19:57:04.000 UTC
Golden Ape,7243093.846103331,HREdVBmGvUvdgvoGeHwYpEQNJRb1oqmScwV5z1dHpump,2024-12-26 16:52:35.000 UTC
MIYA,7187060.712807208,2MSn6r1L81LqG28CUpZETBFPrbbFWLpKa6dRCi43pump,2024-12-27 02:48:23.000 UTC
nick,6923905.502968463,5zy77ie2LVoLaMDy2h4SAvPCo3uc8Zno85YGZDZjpump,2024-12-18 18:14:19.000 UTC
kylia,6690564.146079613,AmpJPHFj9GpFPNZa3zvhCvqQLGy3bAbEizchvjwDpump,2024-12-26 16:38:51.000 UTC
qubitcoin,6667627.766164493,4DSY86oPGtNbQh1pCV9NiXp5tbDu2KDGL2KHzpdopump,2024-12-27 02:51:21.000 UTC
PAPERCLIPS,6616158.165612395,BgV8qdfkjCDLPuDwhDaJGpgJj5XeYJeKwhG7E2bkpump,2024-12-20 01:47:51.000 UTC
RENT,6564739.074215782,6mLysvwKuruGTKATwvY1vgz7xYFL32FXf3dFZabSpump,2024-12-26 23:33:30.000 UTC
LAWN,6502652.801246332,F15Vp1vqJdQ58Usk4T4GDcL7YGegcp1pznHrpt9opump,2024-12-22 04:43:08.000 UTC
SNOWCAT,6498999.972992182,VWAzRZzDMH2YidnCoSYhwHHbfFn95V6u3NC83Jvpump,2024-12-23 21:40:32.000 UTC
Pisscoin,6495891.35425932,5EqRDhtdM5We4a5oyLeebJz7LfsRyXMNC52DMNEhpump,2024-12-20 18:33:03.000 UTC
Coin25519,6489176.210497062,EF8Ked4uLu7TawYwyNrHWySWSSWKS8aCp21g7ezjpump,2024-12-27 21:02:05.000 UTC
EVE,6350238.181317935,6qFgkbgwLsNyyefumvLhdnUk6LfxjaY3yAPQHHZk8CCw,2024-12-24 05:33:17.000 UTC
JUGGS,6339157.799887579,CaXUzx64Ae1PxCXYbt8PMyufaVVFNM1aykyLW4Crpump,2024-12-22 23:26:17.000 UTC
SPNK,6147474.585831548,6YKXjgTkDR8RcrGTstdFKLpGEorDuX9mZv8z5DTnpump,2024-12-27 20:19:23.000 UTC
BCI,6129296.106242389,FHT57nzPTw6FFk3XK2gjFsCvxqYWbh6qM8dEiGK7pump,2024-12-19 03:15:22.000 UTC
Rain,6054593.30779298,3t5uchwrr4jteAjuHxFjbm74xYXLzkBXQwHGQBbmpump,2024-12-24 02:36:03.000 UTC
1$,6049125.993937577,BVY5vx7R4FBdiL3iRGV9ndfcDr38PtmVUtkKTtC6pump,2024-12-25 20:48:14.000 UTC
SHAMAN,5990285.551583312,GF89B1oLiHPoKEEDLXH79f3MVosCxFAePbXvwd35pump,2024-12-20 06:39:41.000 UTC
str,5796282.333370765,4Wbmq5GN3Cx7WQsY828XdQvv389c4onUeRQHcJYSpump,2024-12-27 00:27:53.000 UTC
ADAM,5761191.315348162,CnMm4mcDchmrckNZQH2SNW3bQjPYfgqytvKM2ZGyB6nd,2024-12-24 05:27:04.000 UTC
ICECREAM,5700149.173751324,7CqNkMRgRUhYNdxScLBZiQN5mYSzATizTCjkW2Pupump,2024-12-23 05:44:11.000 UTC
gooseducky,5659693.5080148885,6n5rLYxLMAnnBksbtunqddUnREZMyPxd6prTZNz2pump,2024-12-20 21:52:12.000 UTC
ADAM,5534688.044527976,DMsSc7Q8LX2YQZu95FAYQk998YGQVzPxeJyG8Q3jpump,2024-12-27 00:37:14.000 UTC
TINGUS,5494468.136739585,FFMBajrDXwRwUw4j5D8XDN14Jp1Z72mnxjAoh34pump,2024-12-19 06:29:06.000 UTC
ARCADE,5490857.53203374,23yHThgcFMjGDSEqc7pDNZ83QmnKCFdGUGA97v2Upump,2024-12-21 00:36:03.000 UTC
KRYPTO,5490017.584302321,FHc1Dg4z6hpoB4kBefGZU9spRKBW8gexpjEhMSJ9pump,2024-12-19 14:48:31.000 UTC
SEQ,5443836.19873613,HrLqsTwvMuHZ9epzvmsmtZpmJagisdF39M3mFFycpump,2024-12-27 16:38:37.000 UTC
GOLDFAN,5418460.919628752,2rWEJd3tVjKCyCJK6XVfbCmqsJobjtFDQwZcC2DumQZ6,2024-12-26 23:43:49.000 UTC
COCOA,5336972.88072748,GynBZjKikef481VTAjLKm6wAwYbfUBQmp2Y952Ptpump,2024-12-27 21:30:32.000 UTC
QUBIT,5324791.870601091,8MGGDLtSKi9R9ZoBEDWsrhXetpdWrykRucuVMw7mpump,2024-12-26 20:44:18.000 UTC
OGCHILLGUY,5322769.639064495,FeuGXSzNUjkdL12B8QmyMBP1N48ufh11huJC1raQpump,2024-12-25 14:51:03.000 UTC
SKETCHY,5117858.158814802,88LCjzUzHRWfHZB4ATzsopDi6dTousdo5M6XNpyppump,2024-12-20 00:00:27.000 UTC
SIMSAI,5102404.297110506,u6VCRrFvejYX8cTnc1ptZT8UqVGbPXPmE8kvcGnpump,2024-12-19 14:30:48.000 UTC
UGD,5074155.514135983,FAJnoXZfsyu5DqoGbSxmBkchji68J9ZzpxmgyAcipump,2024-12-19 00:04:26.000 UTC
AGENT,5031556.820988413,2NsS3dnoHXu5BcvPw8QeKdaWxaPoNfaL5XL6zWAGpump,2024-12-26 23:58:00.000 UTC
GAIA,5015978.274657797,14ZPJ3uxscbp4HStBHZUXWndwjrTNiM7uhVN4kvxHump,2024-12-26 17:10:55.000 UTC
QBC,5005790.4053283725,CaZZsvCvYzjM7fvh4BgfJPmKmr2U9rY3e1W6At32pump,2024-12-18 21:58:25.000 UTC
ANDY,4987803.807076122,HftEcsC4Gvb4FCEB7imY8VYLfVKt7XBYEcegzBZtpump,2024-12-21 00:35:32.000 UTC
DICKBUTT,4952506.092150483,3iVZ3gJskdYookkN4dJPAS5B2x47BWPviYsWxbhzpump,2024-12-27 01:09:16.000 UTC
SOLENG,4919987.122413354,2wUGjvMqXusgfzYP3Vj149bSM9MwTPLS4maxkdGfpump,2024-12-20 00:11:03.000 UTC
DOWN,4919795.702093785,FtA6zahq5cUJdwU9zbPy3aovZYyU5sxTrZEPMdbVpump,2024-12-19 02:32:01.000 UTC
PYTHIA,4775167.348743981,DJq2mMF454511FQvqdjfqM7kpqREzZoTDR1QpiBpump,2024-12-26 17:42:01.000 UTC
BLESS,4767176.240953387,36FWitiFoUybrW9ois4EzMjfBYNhW38Vxsv2Pdwfpump,2024-12-23 01:18:18.000 UTC
SEAMANIA,4714767.078654241,9n7PCZLVMG9sEViRwz2cmaR4eM72R3ekWuBdEzZppump,2024-12-24 12:31:54.000 UTC
QTC,4711493.165924588,5JGL6W1e9rcghkTmBEvdcWMTkWajqkrff16oYBFipump,2024-12-27 02:57:30.000 UTC
DRIZZ,4678171.397571961,J94kqNYcpBYre9CPQcicfaHyDKyUqbbAP9XNqUJipump,2024-12-27 01:11:29.000 UTC
ShoeCoin,4657865.80599859,2E3in3u7gvCqsUytEDg8kqBdQPtvyjvBMS6KXzwQpump,2024-12-26 16:46:17.000 UTC
HYBE,4554056.480872415,BZMiJhHsBBzWL93y83xhGkA2J5NxSMw572z4BLxBpump,2024-12-21 23:04:44.000 UTC
DRU,4467978.614519499,MLoYxeB1Xm4BZyuWLaM3K69LvMSm4TSPXWedF9Epump,2024-12-23 19:04:19.000 UTC
MARVIN,4466650.086793406,JcF4Rs8asuUnUSgx8txVdtxLXSdYKBiTn2T63eZpump,2024-12-25 19:52:49.000 UTC
BURNT,4460108.2474905085,burnt3JjFJvvAbKznwrDKxW5U9ZcsKUuCyJVCjKdSVB,2024-12-23 04:09:18.000 UTC
DNA69,4458172.022537675,J5VtEGM6DnBXBAjf9YaMqJCMkkqHG6PxR31U4rqHpump,2024-12-26 16:25:08.000 UTC
sumiko,4424527.782728876,D9EoEz3Avd3W1mTVKCDtKcifuR7v8CeFDcfyedJTpump,2024-12-26 14:07:35.000 UTC
mcs,4391557.458655988,ALHFgnXSenUv17GMdf3dL9gtFW2KKQTz9avpM2Wypump,2024-12-21 02:36:02.000 UTC
HELLCOIN,4363337.233548886,7PLqQHfdxAcCpu1QusuQegaNTeirkVeN18nDEqGkpump,2024-12-26 19:49:09.000 UTC
ZeropAI,4350108.898136663,BAgzJnohH2kjSGkZwkMRWLr2qmYUEdWey6zavkUKpump,2024-12-20 20:16:06.000 UTC
VIRAL,4305056.860660326,HW7D5MyYG4Dz2C98axfjVBeLWpsEnofrqy6ZUwqwpump,2024-12-19 03:01:35.000 UTC
OC,4291740.379168544,85p7gqNgB34fXDwYbtTJTvz6XHEpr1EraXu1hJZnpump,2024-12-21 20:29:05.000 UTC
squAId,4184303.450029185,GfEcXBNQncS9EYQFtv9o2ZdUT7EG3kpsWENtkQMFyBeG,2024-12-27 06:11:20.000 UTC
WLTC,4170095.2872979967,7Rcy3tmzSiuaC4Wa5tcGeT9wVhFiGXoX8vTNxe9spump,2024-12-26 20:26:14.000 UTC
Bob,4161931.9438809687,3jx5Dqkmdtzmhcwv6JRaWA3j1dQg9ntFab2FRparpump,2024-12-20 11:42:12.000 UTC
PTRUMP,4131550.752539919,FLJ4ZWsAJu2oD8kcuwnzgXPEhJTzbrGSdhPNWhtEfvpy,2024-12-26 13:43:31.000 UTC
SQUIDGAME,4119861.1656787447,9Y69BuZTXpieDoUy8mva17fZWFVhi5Gi98ebqtoFpump,2024-12-25 13:26:15.000 UTC
PYTHIA,4118398.150358064,CreiuhfwdWCN5mJbMJtA9bBpYQrQF2tCBuZwSPWfpump,2024-12-26 14:31:02.000 UTC
KEVIN,4097155.775488919,CjEVksca5je516R2FNsAHTLvkduCwqKYzYfFS1nQpump,2024-12-22 16:02:12.000 UTC
BEANOS,4072966.496293753,9QLAj7dZiA5J5qyU2932QJPauwzJrxaPY9hJaPaCcFn9,2024-12-27 00:26:26.000 UTC
Mounjaro,4058060.1793602617,tnsk93nix64MtmF17TjbyXZfMViTCSDTEEDSjZJpump,2024-12-26 01:25:20.000 UTC
STEVE,4026908.857597548,7E8cSaTAeyrxNTXXqXk8qzEjuCyJgf8spFpwvVdnpump,2024-12-26 19:28:58.000 UTC
RS,4000623.7930430975,HfCJ1VxzBgLQiWLETJ8QmSybN69neYqxvEBSf7F4pump,2024-12-26 15:56:13.000 UTC
BOHINES,3979050.5322413114,AEis6kgQd7yUmGEcV9mCoDtCirFnV2bDbqdABSkRpump,2024-12-22 21:50:29.000 UTC
MEM,3913576.2838680334,EuEcP5E9CxRxEgSqyYQ4KjRz8uDynywBkFLPRWbRpump,2024-12-26 17:24:02.000 UTC
SAI,3875350.449135994,8xeGX8cfviQvojJwb3W96g7ogAcVYFUBfyHYkYSwpump,2024-12-26 14:54:40.000 UTC
FURPAY,3873679.8871879536,FWsHAVc9JNw24jFSY7CCTDsJwxM4nmKtMyFBjhGrpump,2024-12-26 17:05:45.000 UTC
QTC,3857259.226811824,2ERLBUwcPbaStyMogswwLvBDFsA3itQA2nQftx1mpump,2024-12-27 02:55:39.000 UTC
Buttcoin,3850461.6120602,ESLvBNKz2SHAW9GFh3Fbu6uaQuvvCrhSvMiK67mWpump,2024-12-26 18:30:24.000 UTC
YUI,3848717.003750952,FNUwkmhy6PkoJYBckroKHxg79fx6VHrLZkcHrY19j1J2,2024-12-22 19:43:17.000 UTC
cra,3811428.86239961,Hx17Q5bcP4SYwezPx3vFT8GDfDvSCToTV9qsfj19pump,2024-12-23 22:22:03.000 UTC
willy,3807801.061029103,6KVcC37iUeYmAS1kMUFEi3kS9G91tA8isqZ54ebgpump,2024-12-22 19:15:00.000 UTC
MEDO1,3800023.563728554,FJ7iVAqmi17xs4puzGTxvbVPDgaPDd7E9TAcPBg7pump,2024-12-26 15:57:12.000 UTC
SP500,3754706.666016439,CaM41daLtWdzzQkfzphhai6dHu8KiC9wy59edrsspump,2024-12-27 21:03:36.000 UTC
HIDE,3744038.995606154,viK1k2SqdjXhWpmQAEQ6mRexDumDWiVFipnGxrbpump,2024-12-26 20:12:26.000 UTC
388,3730608.367221624,9FezefP1SbttXzvDHq2wDu8xpnrTL4u76xAxBFnRpump,2024-12-26 08:08:19.000 UTC
ROBOTSEX,3728935.102187164,GY7tHq74SBdNRRA64jwJKXPFMkAWtC3wRsmVLUkxpump,2024-12-26 15:21:35.000 UTC
SPHYNX,3705639.194793643,GCEmVNE4XiZiBsmiEhuVsqfjB4ntF1tG5d89DLztpump,2024-12-26 16:00:03.000 UTC
BAGS,3653551.829150136,SnopZ5nwLYnsA9QgDDEJqeu85i1LrGeeeA3rCZQpump,2024-12-19 09:41:43.000 UTC
EA85Z,3633722.0291358265,Dntb4XwzMj1uoCnFGdZgmwTx1UPkByk3HGZtU9u1pump,2024-12-25 10:15:07.000 UTC
WFD,3630101.1120866407,7PqwMFhvcCpUUKtS5Zvrk6GuRPu1pDHwWuTzKXEipump,2024-12-26 16:19:44.000 UTC
AGENTHUB,3614049.845972455,HEQ5ZrmUE9rGu7YZLdEzcxu7X8YtnxFjA7FAHWHwpump,2024-12-27 00:01:12.000 UTC
Andrew,3558272.660472852,DRwRNuXGen2nmBKeXBdgd7zyNWAKgZkbjZubwQRepump,2024-12-26 03:28:14.000 UTC
SD,3554919.70549277,5fYYNKVQfpBEDAGZmvtKVxVBLYfM6cPRm56a7mDYpump,2024-12-26 22:13:50.000 UTC
2025,3550856.188584684,J5ELogmzrdKiuSZxvKSKtfs8JRXMoR7YQEBHebr7pump,2024-12-27 21:49:58.000 UTC
VAXSPERM,3545659.1522388915,5kYDnCdK4fPQXeUYc3c1yhUjvZqwRkhWhsr2yLXtpump,2024-12-27 21:45:37.000 UTC
KAREN,3540273.167432913,NqxdvLjYz7uoCMjWkVkdYS8TheogsU5N4k4uNFnpump,2024-12-27 02:40:49.000 UTC
WORM,3512482.306649385,HgbGVho5es2GQAyD3kLcSMvn7WP1FzNr1HnMeidJpump,2024-12-27 21:42:38.000 UTC
CAIN,3511793.029154021,DRaw7vnprDUgKrNvxCEkh6YGTDjvnxcnrCsoyRTEpump,2024-12-26 23:13:48.000 UTC
GENMO,3509351.500910317,3kWzAJzBXejBgrneGT37r6AYNaaVN2xoch7mekTMpump,2024-12-21 11:18:48.000 UTC
ORION,3508116.874793409,4rueFq1pXPQ8HCdhvQsCMkqRRjXSTozq37gPSFTBpump,2024-12-18 12:44:53.000 UTC
PRA,3495092.6332328874,6p8FJsZKkUQKGKxPxuPes1JKUFrwvFMDGEjBThyepump,2024-12-26 15:34:54.000 UTC
2Q,3487295.5597924283,7QupumbuGRYaMUUXYUo6RYvmhW9QUKwL7JaWZW8opump,2024-12-27 01:29:18.000 UTC
BABH,3463093.3648549323,ASqUfrmnRXUfD5Uuby97j4fUXea43FytkVX9MMoHpump,2024-12-26 16:47:24.000 UTC
JESPER,3461579.110353304,14bba9ZxNKBV7C776ov6MUmSBUw26qauUs6SuNSvpump,2024-12-20 02:38:37.000 UTC
ruffday,3459293.419665003,6R1fgmz8v7ndGvN7RTuJjMNSRNBZwuUVH27Bixe6pump,2024-12-26 20:48:18.000 UTC
NOAI,3453725.447023618,8AsZyhSEzw1JAsZsVupZ4Dx1rKEdeFQRm939GAXrpump,2024-12-26 16:19:07.000 UTC
Chigon,3445497.5443422035,AbMjWxQKy7ZnKnTjkVEk4ccUE3PhoLWGU1QMuU4Wpump,2024-12-26 17:49:08.000 UTC
muddafudda,3443471.9706725096,2oC94AhQhT26TuHHEZxgJuWVLhWw4pm9BgYwbpr1pump,2024-12-26 15:39:55.000 UTC
BIOTICA,3440109.9293972594,biodT5FkYvPUFb4PvEvL7G9yKNseHYAYTGNG7KMHgX7,2024-12-27 20:25:59.000 UTC
NOAH,3435646.78289428,AAGUoe3GJt54xVFDmwVP5d6cYvShriNHgittJiEZpump,2024-12-26 15:22:07.000 UTC
SPELL,3435297.233427047,5xj64jHuFRTi2r8auj6PkCB4pjAcsgUXM1SbRTstpump,2024-12-26 18:25:34.000 UTC
SILLY,3433760.039078776,DXtQN6XsjWksKP9T7xKe8hgkgBcr8C4ZEzgxYPu9pump,2024-12-26 15:47:31.000 UTC
zip,3433557.883042714,5N112k9j7gV9JTAngv9KwCXM2Cu93ziXc5kEScywpump,2024-12-26 15:34:06.000 UTC
SIMPLIFY,3433248.2500331034,GEsD52PLqvSWZjQzuGbsn29RPMA9xMSzbAniMV5apump,2024-12-26 16:01:00.000 UTC
AX,3429896.470699409,BFA4K5ReJN15ZVV2c2E8Adi8ntL38sVjfCBozbMypump,2024-12-26 15:52:53.000 UTC
KHAMOO,3428750.955698424,6ruUpsKs52AGKXB2EFGSv2oEYPUEeup98oBGW5EKpump,2024-12-26 15:36:54.000 UTC
exe,3425093.5806520307,9vZJW79NvdWnYeTitqZ99HRc2oxvZpm1fdg53GSDpump,2024-12-26 16:06:47.000 UTC
Kweenflix,3420352.367470725,6Rv6qeZJa9kuSFQbTqiVvPTyN9NscMpF9h2xdD6opump,2024-12-27 20:56:37.000 UTC
dogsheet,3370559.7780739525,99XLnpFF9UAJcB8bY1a9mmnVebSgLiyPiPjx8GY2pump,2024-12-24 19:57:25.000 UTC
illuminati,3367210.4772674246,5zGqTfstqzDDDx8BQCbAe8DfKZ1Cc3vc9zgFsTbppump,2024-12-26 16:09:48.000 UTC
LARK,3363281.567252096,B3YzBi3mGhkcDrTqixT9C5aaoqkVM28ufPm9An6Xpump,2024-12-27 21:54:46.000 UTC
MRAI,3351904.0843712464,DtfTWZGJ6eT5VsB4zRFJbz4uSvFMS9axzrdewsGapump,2024-12-27 01:38:14.000 UTC
ECÔøΩ,3348931.541762351,HRpouqbCrsjQuFjEXWvPgzKDhjF6oxsPHRkbQ6KWpump,2024-12-26 01:54:09.000 UTC
VALI,3309168.71665552,BK5K9VqpUcCqYB1Q6ZQx8AazR4fviGHvqRhcM9xXpump,2024-12-25 04:20:58.000 UTC
butthole,3274451.584744904,GAvSQgcXw3R1DU4kuZ4Qupfv7QpBfjAmE1cLRL3Gpump,2024-12-26 21:09:21.000 UTC
DeV,3211680.189060644,2Hg6d5bF5NgY6ii8Km1MkPP4YJ2YBLWkaywbiDbnpump,2024-12-21 08:29:45.000 UTC
SUPAI,3210650.9662358444,B9QxfiMd6tjSGnJ8nzFK3XbtuQNPKCNkQeehMqgxpump,2024-12-22 01:10:58.000 UTC
Grey blood,3201704.4685410475,Bo7Y3Q8yDzwbQKfLkjno2aCatrFYWtBj3x33EaWxpump,2024-12-27 19:37:01.000 UTC
SENDER,3200721.0702286395,EJoHRoE1A1h3hugWMrnNW8Bj36fdpBXX37eGQYQ2pump,2024-12-26 21:14:00.000 UTC
St Jude,3191241.2620677417,H7VL95JLgxYMqJQLpATjcVsUPcTE4gpoR45gxWNqpump,2024-12-26 05:37:28.000 UTC
PIX,3185737.7152825114,3bGuPexrqNdmXkSxeUuMavYDFdjpQTSDt9ZusDgDpump,2024-12-19 02:24:21.000 UTC
agou,3160415.3920333227,w5FtTCSfEgNGMxSiLL7WY1BtBBqqXj2Mpg24yqPpump,2024-12-22 09:51:19.000 UTC
BREAK,3136848.798353818,6SsQttgcaUa5eSkfmGEbrZCaJfns3hQTywNjAtqNpump,2024-12-26 16:15:25.000 UTC
Stupidcoin,3083692.16202406,4zUDFduzd6dWisjkrS7d7VSEw3EdrV3t7KkYPznZpump,2024-12-22 18:58:17.000 UTC
COQM,3073609.7656270643,FP2tB9jCDdznFwxguDEhSWmCv7uNsE9LuDhig3QCpump,2024-12-27 02:01:29.000 UTC
AGENTB,3070298.702032312,3y4LYYzTiCu4AGN4ksTtF7ZNoqmCy3daBcXVrjPApump,2024-12-21 17:42:23.000 UTC
Sis,3067192.9402144016,9jiGZjtdaxEqci7UtpPioKkmpYTe8ZswocAejEnypump,2024-12-22 10:19:51.000 UTC
Bybit,3013643.842171427,FDjXSQucCwFAxR6vRQSoLDaMJp7XfonVPFmYTPfDpump,2024-12-24 15:56:45.000 UTC
WheelSnake,2998294.617719737,8GJbfLCUSGAMuGKsqRsaWq5NGdsXj1pcpQmi9CiVpump,2024-12-18 05:14:33.000 UTC
HUSH,2980485.711839269,DCW9BDV9R3i34fQYgddtyGZA8RpfBHrPxhN9hXfupump,2024-12-25 08:40:55.000 UTC
SP,2973890.5256544496,FV1YaHSTccYXWTmWn1euNhVK9gxKHrwFAZSjX6Gwpump,2024-12-21 21:38:51.000 UTC
SnakeCat,2945935.4241292123,HHN9Qko1gjJgADbMrzNA5nE4qesKEeE8mkLH5eaJpump,2024-12-23 05:43:25.000 UTC
MEMELORD,2935927.558022842,NdjJxup97gfrm5522P7mYXEjPXwqNaoUrLsxHjWpump,2024-12-26 05:26:45.000 UTC
kitkat,2934946.198576264,6wYDjR9r71MunekkKTP2hywTFfocxQBYoP9ht55rpump,2024-12-26 03:18:49.000 UTC
$PCAT,2921419.4130078703,FPkPPYhSK2Y56CVyocchpk5W59bKVnA1rbEJYeS4SC28,2024-12-24 08:29:32.000 UTC
RONY,2896159.732264296,AJG4mJr5zK1XFjLPhM2pAzfwtfuK9CfuCY67SsUXpump,2024-12-21 00:43:01.000 UTC
COTY,2887700.236214221,G7V7JzrwL5tAvPYmWgfiK3TDRTvFHgSviS6DxJ38pump,2024-12-27 20:42:05.000 UTC
VISION,2881958.641675061,CyQr3CGBDd4gTncX4qSRMB4wQqQyRLY5iDgKHjhXpump,2024-12-24 20:28:14.000 UTC
Oddity,2879609.516149356,3pecTjzEGY3JhVDT3UdJTnMdbsSgBkocYBCce3EUpump,2024-12-19 16:23:38.000 UTC
KAN,2871646.8801914314,TgaqRGgdMxL8LkDbx2tYvjuRmx4d1BYGAqD5p12pump,2024-12-23 17:02:55.000 UTC
GIFT,2850453.7751725693,wDgTH1Fiw9z9xRCSz7hBxNZN6MvwSJTj37JwaaZpump,2024-12-24 20:01:38.000 UTC
Diva,2833975.8961358517,BB1Tq12PorfeuKb1YbQDj6zmZkdY1Jp2HvZ32o6Bpump,2024-12-26 19:01:19.000 UTC
SFR,2810757.6649775426,7SqE9jR6Yj3WHQVLyWRg3Bv5D16GNXfNrXStZyappump,2024-12-18 23:02:26.000 UTC
NUT,2793607.3514338294,GKvVTouMd7HVxKLjTbLb1BT1y8MoYetRiKTANLNJpump,2024-12-24 01:54:14.000 UTC
ONENESS,2776489.3591433624,27GeAwbZ3zhuuJPJXka3xnyxm2g6LYyyC4ajrTCfpump,2024-12-26 09:27:52.000 UTC
HAI,2744732.6124986527,BceKahvKQJWCxDV39arY9aMP9Zgc8oNNjXH1NdBCpump,2024-12-27 21:29:44.000 UTC
Larry,2717114.7567409165,349u4urWqdC1t2eehfNDCcudxSXEhCKxPZ6TmjZFpump,2024-12-27 20:36:38.000 UTC
O3,2713046.488398322,DBfQGD5keEaNqiscvAHmRCyYVa8DNKxJv3S8GUcTpump,2024-12-20 04:42:12.000 UTC
ANDY,2699577.447312376,3mTiav63CycB3UAo8ECMhFyJuPsKTcV4oqf2Gkabpump,2024-12-21 00:25:40.000 UTC
DBTC,2699472.0081298617,BUAv6q4v5E2Pt5ms15uzxhFF1L6rXsG5i4NmSim9pump,2024-12-20 21:04:57.000 UTC
Edward,2699260.248547056,4WAwm7jrWj8F7nMheDagyYaaEmD2g536ni9aU7WDpump,2024-12-26 17:32:30.000 UTC
AIGAME,2632062.3580974243,FdDEZ2qMSTLh9G5sGjXsaC1aNT3nsDNg6sXGB4e6pump,2024-12-24 02:23:28.000 UTC
SquirtCoin,2590435.904522523,DzvLhy4iTfZ5DCBFw1ovmQfqZqwZmab2XZuUmia4pump,2024-12-20 20:35:28.000 UTC
Shaman,2583260.5090913265,CvD2cgrYZjF4cn5jiXv3wGdzqUjsu1zBAb3XJodspump,2024-12-20 05:47:15.000 UTC
xAI,2571693.0669874386,HtkjXi49w9dFJKy7jogJ19bBE1pnwTgfckxrXfGvpump,2024-12-20 21:14:16.000 UTC
HYDRA,2560659.830751526,HYDRADTTbgtrPgL6FChDCVo6YA58C4NguRMsW3KMJZKE,2024-12-27 21:32:55.000 UTC
TITCOIN,2556828.0115698613,6SSb7qAghoFpqic4eGmiZU9fBKSwhXrKkDjuMqfPpump,2024-12-22 20:58:15.000 UTC
1000X,2535881.4972289265,E3CVz1Tc6WxggFNE7VcNmbEdkvXpJNQav1jNSRYTpump,2024-12-27 22:20:30.000 UTC
UNO,2534650.96893042,qdg3N7dy8y7x6dmnHeKMLtCX5RbrzLzhCUAArbJpump,2024-12-18 09:19:46.000 UTC
SAGE,2534321.514897723,D75xtKmYASNGZ3mKZZ7Mhujw8fGcj7N9a6dW1W6g5qxt,2024-12-26 15:10:42.000 UTC
LOCUS,2532998.6077202284,HN4iT7rrT38PhwcvUQHwdxnFCTBesT4BJQ9Tufwipump,2024-12-27 16:34:12.000 UTC
xAI,2532184.225009951,676yTJNkhtR2ZJ6h4utU3wniqoNHZiuvNfDdvyCqpump,2024-12-20 20:26:29.000 UTC
SantaDoges,2507205.7821674594,EMEtd7ckMBLrZJtEbRQUNNo45GpUYvH3hCuJs5fjpump,2024-12-25 08:07:20.000 UTC
Aluna,2486453.3299262184,CTTrJuNAAW6kRJyy7H4ZJNVtTG9mqbSQrGoDU2xhpump,2024-12-20 17:23:05.000 UTC
Absolute,2486044.3530549197,FxKhsTLTe6S14onD52eRi38MGn47hwrLfZvEd4hupump,2024-12-20 13:25:26.000 UTC
FLAI,2478103.73432998,BYfSzeMAsFh7iutFM1AAB4KzYpF6ZwEXs5JHAN7epump,2024-12-22 03:18:10.000 UTC
MCD,2471216.712859263,CDipx4rp3sN6nwtH64dTxBEVzm3TL7FMgqakvt56pump,2024-12-19 23:27:05.000 UTC
5318008,2451000.750729881,4RkPGWW8p1mhvGsTmk7xHrqMk2YTaMuCKJhyfdh7pump,2024-12-27 03:49:03.000 UTC
KIKI,2448137.273603803,CBGyALW6X8Z4x9DqpZzhBMn9M6ZqAvcviM4pXwUZpump,2024-12-19 01:07:43.000 UTC
484,2446966.8979708166,GW94YS6zFpu46ZDu29zkXJaUrBoXdis1Dbo3u9iEpump,2024-12-23 05:09:44.000 UTC
TRANSCOIN,2444327.1505095847,8cbjCQaWJSD89xhNNTGiWVJxMSNHfYseGiqHA1qkpump,2024-12-18 20:33:33.000 UTC
Sol,2386015.6374761527,AMF4NicC2ByZQ2j2LN1KS8tnf88F2sMTNVzoKqWzpump,2024-12-19 22:38:54.000 UTC
LOREWEAVER,2382707.7804119377,WEAVERgkeu5hPjwGStDWEQnQa9kiyDaXBdrzG5X1ByL,2024-12-23 22:29:07.000 UTC
RENTAAI,2380779.6268343907,A85j6hti66aVctR2N58M4zSoEitnV6vsE7qXX1DGpump,2024-12-23 04:01:14.000 UTC
Ga√±as,2378263.552518092,8jU2FVayosfj6JwtVeBdgmTabmC5aTFg4qobytkEpump,2024-12-22 10:58:31.000 UTC
BEP,2364501.362963134,FgSjyxJB2F3XYkxRkct4UDJu8AoyqwhBiXtV6KFLpump,2024-12-21 18:37:18.000 UTC
snsol,2343729.224647787,8C9yc4x1EbNsGKUCSsesrPwotD4a6PrGN8qhAH8ypump,2024-12-21 21:30:01.000 UTC
KENTO,2338328.8397884574,3zYUs7tJddsbJfFZ9BFUP4LFhpaocQ3yNMcvYbE8pump,2024-12-20 22:45:58.000 UTC
M0,2336470.216389045,9ZhJxkjpchts5usKXxzmAoVcfx1bmvCVARXSHZVopump,2024-12-26 16:40:00.000 UTC
Oogachacka,2334851.133416037,8RsGfnCDGnSr4YUhuaMwfFErGX6Dtmei9xEHTVqbpump,2024-12-26 18:12:11.000 UTC
LOUIS,2314133.7869494297,974HDsDsk5aMyvVkDqsgEitzM8ZzueEchRncQR9Fpump,2024-12-24 08:35:46.000 UTC
UPIC,2313841.0400937004,8uBiBsBHHndwsVqtWCHvJ5qBY7iUvLwyAuVAxWBEpump,2024-12-18 01:45:52.000 UTC
CHILLDOG,2306886.7935903813,GhGFyCZB4EktM9raEQR7CCKdU84Zxcj5EXE3ZWd2pump,2024-12-25 15:27:41.000 UTC
2025,2293275.693127163,F4Tph9ggvRQ2Yg5pBM8ifai5jHoMVBdYiVmYCBTmpump,2024-12-19 23:35:03.000 UTC
TRADEGPT,2290654.568739099,8estAzppA3vm4NYVoz3U4vqWpwiveDPC4wf6Bu75pump,2024-12-25 14:50:32.000 UTC
DOGEKNIGHT,2285418.077307977,gbedps6JEo1cf6rEqoe4uYisNuFwBEdGViwuW3Wpump,2024-12-26 01:02:01.000 UTC
bro,2278944.285691374,7AXpjANY9e4XmD4yCgRnkJk8RmkgmbmHcMgFsUnrpump,2024-12-27 00:12:45.000 UTC
ALICE,2274331.1564862733,B4PJH5GMzM1bUQhAFxVyr6SJ3SeRsgSSt4Nfko2spump,2024-12-20 23:11:42.000 UTC
Gofundme,2273978.835129342,Hg7iCyHtAY7JjdjDV47G44nJMsaVTAYVtrTkH89Spump,2024-12-26 15:53:50.000 UTC
PUSHEEN,2273259.8064061715,3D9jsxXbCbDogmcTaEfxWeVcYqoryGoPsBCYfffJpump,2024-12-21 17:12:28.000 UTC
cat,2258183.8095035465,2Hpd5tfRdF71sERDoSKtjGGti9nPiCNEBi7Q2f1ypump,2024-12-18 18:25:16.000 UTC
456,2256076.7523679766,HfPiqbabCcN4zZFLeoh29sAzhcgZS5FeyGtZy2r9pump,2024-12-26 10:02:30.000 UTC
ROBERT,2249325.522863844,E3RsiccbgYHZMtgBaKoGFAHXdaw9qK1W5dFoVbLbpump,2024-12-21 19:08:00.000 UTC
luichi¬†,2247455.0501521435,8S9ikcuHgWnuA7AadLSWgHgMSSei666zhAkDzbwQpump,2024-12-18 05:18:12.000 UTC
SURVIVE,2246390.168896015,CV9JUMXFadA9z9LwTZnGdkLLCUqpxVmZzopoc7qfpump,2024-12-18 21:27:40.000 UTC
symx,2240188.7701402567,Fu4jQQpUnECSVQrVfeeVPpQpXQffM75LL328EJPtpump,2024-12-21 05:02:26.000 UTC
CHALK,2237473.6692186627,oCFUBXm46iHKZxeXhUFk1354tdJbY5ShRR7FwQMpump,2024-12-18 14:06:18.000 UTC
BAT,2212024.5046440777,6s8sb29m7dKX4jAPaCYCbhifvzEEE2iD4s13muFTpump,2024-12-20 02:22:22.000 UTC
ùïèmas,2193513.78699149,yfVhKobAgpFt3cP7fcbqbY8UdRHz2XRHw8ibPpBpump,2024-12-22 11:05:20.000 UTC
AGI,2189562.628471995,D7ghrDX6xhCZ8uXQRmUTUxhWR4faK3uFH4hmk8Dwpump,2024-12-26 12:13:01.000 UTC
AImerica,2189028.32734913,6BDGMFfMuBRCCu19sospm96TRwZDUEWLeSEnvhzpump,2024-12-18 22:08:02.000 UTC
SB,2188685.5071611414,GwaWzjEaKjEEwZLVR3UdJAEDhKZk1gUPoWBY5f4Y9ngq,2024-12-18 02:19:56.000 UTC
faggotino,2182749.33311699,5pseqqTBZoPh43Ls2w9v9JFhibUmk5UjezT8yJ8Vpump,2024-12-23 02:32:29.000 UTC
KBILL,2164637.658236197,Abj3ui2h5WbTp1P7LxfF4qFw4azRMG5oCTm7WHrhpump,2024-12-22 11:51:14.000 UTC
NEXEL,2160273.8279686505,3GShAkUKhkEqEjPa6yJUTcSoe3vMNY3SHHjzx9wxpump,2024-12-24 04:16:13.000 UTC
sharki,2154635.248052006,DQAc3ynzQPfP3ToU3nPytUywFN4jUW5LHESGkqzGpump,2024-12-27 21:02:56.000 UTC
REALGOAT,2142267.1879123445,4PXN7SY5zgDhwrbV6fk8CXk2Uk8JXv53E4VuCBEvKwko,2024-12-22 20:50:56.000 UTC
BRP,2139438.232534288,7QZ1tsRGcTa6Jmq5UZZUQqtxwVpma2an5VYjTTCbpump,2024-12-26 15:54:30.000 UTC
noo,2138764.1435022177,57odEh4uxoedCfBMmTP51DcLQvNMqesDEnAt7DEdpump,2024-12-23 15:23:06.000 UTC
FISH,2137040.655268216,AajUpxsJxzqTyVUfTMTkmKc74SK1ukzxGZAAEXpApump,2024-12-19 21:30:32.000 UTC
dalgona,2133877.5172515507,BpjGc2nWy9HRYswvsKsgDggd4i7gXp8xeeBeJaFBpump,2024-12-26 09:44:08.000 UTC
ZEBRA,2116501.4640896884,3cx1xccVyjLB9bQZ21xF6JESMcT2eakkcYodYy5jpump,2024-12-27 16:08:08.000 UTC
DCA,2108529.663786996,5YdM1dnekrR8zoRrL3iHazomcyhRP91QMQMMktncpump,2024-12-21 05:57:59.000 UTC
DGEN,2100056.835402323,4VfSNfvfu1LaE7YQCKvgukrprnnJ3amw5aDqH1i2pump,2024-12-19 14:31:32.000 UTC
lua,2082291.2465707087,4gJSf4q3VXwoKH7ScrYCxHBN41eWwPYJW3aNykYrpump,2024-12-23 22:34:21.000 UTC
quanty),2074715.058400703,tgaqvK7WqMeY3nEGHN3HtUxWyeRn3eaPLK4KW92pump,2024-12-27 19:40:27.000 UTC
Sight,2066797.0142695336,FRZTfJbBJ3ptUqia91s885n3gL2oof9ddFYjqXupump,2024-12-19 02:59:44.000 UTC
ASUKA,2065031.574729164,8yFWxe1ryc7KPkXKug7n97xSVk4F3HsMedfqxar4pump,2024-12-19 01:57:38.000 UTC
AETHERFALL,2059094.9300950116,JCSCrUNgdwTiEgtzw8AhcscEh77rf9j3ja73LmJypump,2024-12-27 02:25:21.000 UTC
MODLI,2036432.4677080156,8dogK9KmuA69KgK3dLpyJogH6TdtVcQsRrRYdeuMpump,2024-12-19 15:13:04.000 UTC
KAMALACOIN,2011756.1644429932,msoAfobBVhRAi7Pwv4x17JSfYYkRxi93i6L5y8gpump,2024-12-20 04:54:30.000 UTC
KLING,2009946.702021232,DnfGzwkmi5A6weyygr66hHxQF8D96M7eNeTjhiKUpump,2024-12-26 23:56:07.000 UTC
BOJI,2006832.103646496,9VfCECxodeuV5iq4v15N8z9tDJMaWoSsvaF4Pkcopump,2024-12-22 06:35:35.000 UTC
ODU,2005386.405308787,3ZKGsTbzg9exG9wrvWa2txeSQraP26Krp1tXs2Uypump,2024-12-19 12:18:01.000 UTC
dawn,2000123.5649639876,7CEsJspUjSDt7pNAfy6SPSkLnyFDcQkxhpLUWSrDpump,2024-12-27 21:56:58.000 UTC
RIBBITFROG,1999241.077155532,BduSZwJD8cPJs9LkQrxc5azXG34YkTuKym2g8rTfpump,2024-12-25 01:39:38.000 UTC
Immune AI,1994248.3296525376,CkuGHcERH3HHJVNK2bZh8Cp4rGaf7vCJnp6zpKu4pump,2024-12-18 23:15:00.000 UTC
\\(^o^)//,1990632.6638094464,4sayxSfh7zHMudtg68eZqjG8MMYemLSuahPP6TUapump,2024-12-19 19:07:28.000 UTC
Cumcoin,1979817.7767982364,91xDatdjG4C7Pkc4FmW1cKayb7HSVQEswtupr8xppump,2024-12-20 21:29:34.000 UTC
Yumi,1966444.2570482425,3ue2DyH3NqP4ng9qLUXVggJgp2Kor4YaFNorwq6qr94Q,2024-12-18 02:42:06.000 UTC
POPPY,1943593.1894154784,GD1AR5uHytu7nHJ9zWYEEHytmLe7MaD8wg6Tzesdpump,2024-12-27 15:35:45.000 UTC
BBG,1937387.6988671424,6DhwZNkmM8NaqA2Z7yyqCrzA8uumEhHHBRRRV6Ywpump,2024-12-19 16:55:20.000 UTC
ZerePy,1930918.496147069,6R3AtmDd1XjZXRrxqmFWnui7mKE9b8rtMw5CgyX6pump,2024-12-21 04:44:42.000 UTC
Daruma,1930879.5235078237,7Kizi2WNL7D3DftzXDhwactwcgCaQBhmwNmbaTXPpump,2024-12-23 18:22:09.000 UTC
Burn,1922105.341522212,78tLj2KLVUKa2F2rt4EvSzo4JeVhZH77uoCoHaHspump,2024-12-18 17:50:58.000 UTC
RGTI,1920079.244976197,3gguoVtnPFJjtNMqXJCC1WrjBo4nDJnjqF7NrytKpump,2024-12-26 22:25:41.000 UTC
Dolion,1904144.679203048,8G2g33Vg74N3gchTXgr3TM9Y7yoq4N5f6tPzftq7pump,2024-12-26 22:10:43.000 UTC
SCOPE,1902306.7434481224,HmBmnHj2h4dPbQwEYuNtYWALTKQC6u49apriXHA9pump,2024-12-23 21:33:12.000 UTC
ZEDRUN,1901246.452655645,GhxttyP9EUy4sM6h56xrteCHYBc3pFmfX4fXEQHxpump,2024-12-22 21:39:02.000 UTC
PUSSYFART,1901148.6059581656,12DsEDqA9sEbLvUxJBZ1ff17HJb4fzV7kuFnHf8Ypump,2024-12-24 02:15:13.000 UTC
NKY,1900760.4118478517,BKYQWyTMdEgCYWaToZuZKpGJXexwmzccDtVQ6Lm1P2db,2024-12-19 18:51:13.000 UTC
MDM,1883768.2324708195,6powftBMoDVuYr3nPtrEfebeZNHJ3djx9Brj75NyAdfL,2024-12-27 20:41:27.000 UTC
ZYNX,1882947.5963027887,HpzfAzGKZu27eyUZyNztSC2ePdvtdvuSF2vA69ktpump,2024-12-27 08:59:44.000 UTC
EAB5Z,1873276.155212151,32cTcjgqrZioMR3pUTTnX4N6121MXLXSJ9dTZJp9pump,2024-12-25 07:53:10.000 UTC
DarkMona,1872928.307903947,BvEfgDRxzWqhudTJ6tHtEywpAyFDU8xc8czUsAf9pump,2024-12-18 07:07:27.000 UTC
(Odyssea),1872675.735409569,2n8PiYUj42yxLWJ4KtVaavJzXMsg4cGxY9sdqnX1pump,2024-12-26 17:20:33.000 UTC
PerAIcles,1870107.208981134,AT2QQesUn46JsyBAkgwGnvzcwaFu3EALCmAPAf3kpump,2024-12-26 22:29:27.000 UTC
MINTYGIRL,1862116.4569525036,minty8wwFx6AsYcDHXZXnWG5kcf8VskJHhsJrDeLuCb,2024-12-27 01:04:59.000 UTC
Andy,1843464.5752699613,2rMFi9Y1Z4hiQWGufBsmEHMPNWjxaHVH8UFMhddzpump,2024-12-21 00:19:16.000 UTC
SNAKE,1835192.5924490893,7tZgzADKoMLTD1kpbafwoh2z2ik7a7WSvwidwWRwpump,2024-12-27 05:14:21.000 UTC
catfish,1830621.8993289943,CzZanZWDHD3u9M8fVgeWdtCBqzdwAUXhPbyT7oFWpump,2024-12-22 00:42:32.000 UTC
CRACKBOB,1830505.1368073567,G1iJoBEL5CCADUwa9nLBdwQFqCRszWtEHHbvyjqNpump,2024-12-27 20:24:09.000 UTC
Fairy,1829518.273774392,3zTUEvJXsY8h7f3CgC1A8hxAmhBYKh8TyENmvr2upump,2024-12-23 21:36:07.000 UTC
BOCA,1828072.0644237967,Cyzs2xUzygdtJg3MoDmw6FaT98wXKxirUQUNVywipump,2024-12-27 19:39:55.000 UTC
Bitchicken,1827049.281518733,HKgdv47uR4BMBi3fA87TAZmhsXxMA4WC52myspG7pump,2024-12-24 13:53:32.000 UTC
HIGGS,1824889.657219706,13TUa27zKnbiihbakYGg4gTdvTcgigyUhu9TuzqSXfTe,2024-12-20 20:24:02.000 UTC
TLAI,1810771.3451512305,Gb3xMgMibya9GxLnpc9nn5tBAgVQYacwexivYwqGpump,2024-12-18 14:25:56.000 UTC
SPELL,1809027.927902004,DXCyWtaQZS5QSEA5nkLE9JHohr4qaXKfcH8bGRcRpump,2024-12-26 23:41:29.000 UTC
CHILLKID,1806738.402089286,DZAPohuCMYJWrzkdU7Ln948U8fssfpwkiE6cvUT8pump,2024-12-26 23:49:13.000 UTC
GSCI,1801553.5139452608,7zoBbeibT6f9T7dTfPU1sc149oMX1aTcuh2Dm4oipump,2024-12-22 05:12:24.000 UTC
ZENTHERON,1790960.7075152316,849s6zajw9Uc7dfkxXNVUHWiw3xLUXhMYvy2rgG9pump,2024-12-26 21:45:05.000 UTC
BANKS,1788184.031248084,8Emvc4HbGxTLS727iQ4mQU9VpdGtoCLxLSeq5kBypump,2024-12-23 21:21:56.000 UTC
Newton,1787633.034572537,ExQkm55dvwf5nf9v3SbXzaqL9sHC1sfuACdWCmFGpump,2024-12-22 05:49:25.000 UTC
ZERO,1767185.5046411457,wsNQ1XUnkxerKLxekEQaz8aJyWzzZrup6ZNinV3pump,2024-12-27 16:08:54.000 UTC
SH√â,1764661.5318090634,vr8fBj24h9igHkfNxSXPNLzc6w58bkAKVSSdLuSpump,2024-12-27 20:17:25.000 UTC
OF,1763629.1974316388,2e66JiGrwDyvDAA6zTpSe7kVEyFeGHSh9HyasVBcpump,2024-12-22 18:56:03.000 UTC
NoraAI,1763460.5803930347,C87rLVTj2sm5XirCdq4bUAqY6kfb2Nk9zXcU5xcjpump,2024-12-26 15:03:44.000 UTC
OS,1755730.4809790994,yn8GX3R4qF53Fu2gx7HV5d4G7o1hctKj27QqQszpump,2024-12-26 01:09:07.000 UTC
SYNEOS,1746965.063474676,7iKSSixtmRYJ3xCXbJVNbUZXspshcFFkjytR5JdFpump,2024-12-26 05:54:38.000 UTC
F.L.O.B,1742029.1681828832,41dnBeXMHxPGd95WmhLurckKXt7HzfqPqxG2AaCjpump,2024-12-18 17:14:55.000 UTC
Druid AI,1737559.825824917,WKzH7S4NTHcxxmGFkC8qVyMDaLTgXy1gTbkuFG2pump,2024-12-24 00:58:02.000 UTC
IAN,1722230.0597996735,3jQM5XJKoGgeo7eFck9T55eTBkX8P62vKM1AT6RSpump,2024-12-26 19:12:31.000 UTC
$ARENA,1720974.2993176067,2gpk8FB6MkPKeb8Wu86BdgBVM5n863gsMdwdigWgpump,2024-12-27 20:07:11.000 UTC
MLC,1716675.3636004431,6KJ1i82fFrjZ9WM6cRq9nqsz2LCNEwPd9xaPPFGNpump,2024-12-18 16:57:11.000 UTC
Danswer,1715736.490794866,FgRXPgL8r1C3Kit3Hz2PPUAGGwGCATnXqNQTSVhSpump,2024-12-25 02:42:16.000 UTC
hawk,1702334.258422553,F6d9XS9gEGEczTbhvR3cxeZQuSzivMT8QL56YH2Vpump,2024-12-19 03:43:19.000 UTC
EzMoney,1701266.8795557076,2UNGWcARidbuUQUvzZhAFvdr3NRQTg7hqDKchgCipump,2024-12-23 22:36:40.000 UTC
VERSE,1695624.1674594025,8GTedZyGrkLoiALJUHbrTj4PaUzvaFxwYKqged4hpump,2024-12-22 20:30:51.000 UTC
NORA,1689175.232299587,9YRpREVMT8ktoTwT6vgBpBF4hA7jyM9fDkb4kCgSpump,2024-12-26 16:59:31.000 UTC
Auto,1683195.0497722798,4J3gRBPDtfhWkwNSrfkeLR8zLkyAPn5z9FPuiQo7pump,2024-12-26 22:53:32.000 UTC
OCT,1671150.5022093777,8ziyy3aHz71ryNRPvmNDZ64uibGZ35pD8EaF8A48pump,2024-12-22 08:23:18.000 UTC
LOCUS,1670480.209254567,FqHCSKosBgkGee81xaqAvtbsawYhXavuxG48S5uspump,2024-12-27 16:34:43.000 UTC
OHNOMC,1659780.904012232,DrQpQXxFds1uUmXLknrMtjzaYcHmNHo6miaPi8aCpump,2024-12-18 20:19:51.000 UTC
soul,1641652.002986587,FGut4d2aRyeHEZKgxHqvJWK6mCyQDDkx6MA1Ubudpump,2024-12-20 01:03:19.000 UTC
V0L,1638058.724620085,2YqUdqG1Ua4uMzuz8C5diHLiLQ1jYQMutR6TF5ripump,2024-12-27 20:03:47.000 UTC
Crippled,1634186.8997319338,CZaqsdNr1D3vjZggUeenxJK2aCABVEcD2ChHtNEWpump,2024-12-21 23:54:27.000 UTC
SONICORE,1633072.1200673347,2ThdfzG3WhXjBDAzRnz6qSrVe5neX44BGVHYVrZWpump,2024-12-20 07:48:12.000 UTC
RIGEL,1622712.697212002,A8RRYWz1gjpRkjZtMCCo2W6asB4u3jAD6d5RzxKxpump,2024-12-27 16:52:51.000 UTC
REALGOAT,1617852.1326685348,8MrprsP2VQTk8w16VkZEefW2s4MGqkXH4rro87u3pump,2024-12-22 21:07:03.000 UTC
Opus,1614916.3661176912,GUownN3dqjqaUJGCj4XDE1BC7ett47RZA2TxzuCQpump,2024-12-24 20:27:26.000 UTC
ZIRAN,1614518.4110863255,DPjm8Lup5pdEA88pn4CZxsQbqRThVJUoxznXS1ZRpump,2024-12-20 23:52:43.000 UTC
MOCHA,1611608.8186239337,BGSrqK9YZMCTRwd8Fw9DX3v3GP91RbXLX856YixPpump,2024-12-20 04:46:14.000 UTC
CATAI,1606683.998447113,12cihjfgS3P8Y5oKMSo3jJ7nEk2n7z5cZ5ih42UUpump,2024-12-18 17:27:15.000 UTC
MOONCOW,1599227.5496714544,CE7SSDFnN1R21pyNK9vRBYpkLFPsHyHWManPoY9upump,2024-12-27 02:26:50.000 UTC
JUT,1598713.0953011487,45XkL8g6vRgeUugerM4c9vutiyE3M17Gqi2xMocdpump,2024-12-27 00:45:52.000 UTC
R3DN053,1595978.732465426,6avzFkQZPMcVSxSfsyxq74u1Wvz4EbMrpfqBGszopump,2024-12-24 13:18:25.000 UTC
#8529,1594640.284822873,AtFgKuGyyhpMhEq2qwd5X86HJjnvGYHgHPA7YqaBpump,2024-12-26 17:54:40.000 UTC
SQOL,1585308.3363392358,82oZKHqTEMHhGY1Q6nGEK9g2YPaBWRhoXE561629pump,2024-12-26 12:17:15.000 UTC
USD,1584718.938074133,bF2bieBQEBvgQpUVzJUtfC2QJ6rAyJKmzxhwjwypump,2024-12-19 07:02:58.000 UTC
AIT,1582319.1430811351,Cdq9UeZApLYzBqVSt3fWFpUto9tmiMcpi5Pz21eRpump,2024-12-21 01:01:14.000 UTC
PERKY,1575376.0434151876,EWf9QjsG41sJMs7yPw5vQHmaAYFD9wJ8AtgsNWAfpump,2024-12-27 21:28:55.000 UTC
ITMT,1561318.3836463888,AATECgWF4KjALbpgUXjabqFKHmdtjWdfdFNzCH3ipump,2024-12-19 02:42:52.000 UTC
CHARLY,1550563.1747647703,BS4yctHHWtPMCwh6ENUHBbLmj6ki9JRHqAq2VUtXpump,2024-12-26 15:11:22.000 UTC
DOGE,1548339.7763497294,2qUgyCjGmU3EgSPiYNj2cUhWKfp1ussNPUn469RVpump,2024-12-22 01:59:06.000 UTC
DnDMM,1545758.8858476465,CC4HvUG6U3FDgRgGZUUsaGjEbiVNR26DdPjdHcicpump,2024-12-18 20:51:57.000 UTC
KREA,1541927.237550102,CEH1csZRJNeDW7G9oHdqiGnvMbvo82Y1kvyey9WEpump,2024-12-26 22:16:49.000 UTC
failcoin,1538167.9491773949,5GGeWDKsMujAt3mBFtQtetT7coNEihdRuGRjFu7npump,2024-12-21 02:18:14.000 UTC
mart,1536112.5317420252,97chgb7EwbGoMtDT2aWZ9MVsujGvxbgaGKZFMbg6pump,2024-12-21 18:34:30.000 UTC
FTUAH,1535128.4311219028,H2EP46G6qTrtcNxj6XJPgc8rjKFLAcPVie1fjcBxJYZH,2024-12-19 04:46:56.000 UTC
MintyBoy,1534239.2131797622,Boyv3HNfGr7aukqj6GQ75fQgWyQRc9KLmfgThHNCqjvZ,2024-12-27 22:14:01.000 UTC
VISIONARY,1531276.5531479851,9DpRgW7E8y4F99wwXkB2L2xZan8nuqxNq8G9UQospump,2024-12-26 23:53:31.000 UTC
UNGATEAI,1528558.205406031,FDheoaBGrZQE96qTP3rR43vd98HSCoPPwbUWs4SHpump,2024-12-24 02:44:20.000 UTC
POTUS,1528245.6933035357,FBCLntnVYkq1zzKW4fdPWZsqhSMQ4vfEhHxzSoG6pump,2024-12-20 17:06:48.000 UTC
ML,1519488.0860714335,MoBoH64LHgd5tCRLnnawhETX1NmMpEKLi8XZpdSpump,2024-12-23 23:10:58.000 UTC
CHILL BONK,1518567.3059976115,2HvHJGhxGbAySwrFSzhSYpPz1QiPcMrLM9bvJRt1pump,2024-12-18 16:35:43.000 UTC
ARI,1496827.4871851355,2R95mjf7wVAnHbAVyzXj1n3BCsZUV6zqDQ6TkiFgpump,2024-12-26 22:12:02.000 UTC
STORY,1490627.5979027378,82pL7UNxiPA69RTEFsZth4uDvqfCBeuVXNkWbFNQpump,2024-12-23 07:21:30.000 UTC
AgentsDot.,1484481.5284031213,Fofdbz4eEZzYWJpMY7XDRujyMHAdTnfULUhbTm5Gpump,2024-12-18 16:26:28.000 UTC
SENT,1468868.5237120152,2qFJC4aDHV8bmyf8GwqeVDDjaHsjeEfLhQL8HjVppump,2024-12-27 17:01:18.000 UTC
transmouse,1468029.9871839825,7ado7SxAn5nFKyeVwmvpEuU1GHxzKZxuS5Mvau8UAHSk,2024-12-22 17:55:56.000 UTC
NOA,1454039.1033744258,FbFVJLhjizmcHFgmfXxLbz6VXth6JofgSKT9g7NGpump,2024-12-26 06:44:29.000 UTC
L24AI,1449697.052497295,CMDKx3TGVJryRDQ2MnAkTRNSyguQLrKgiCPZ3Jc6r8r2,2024-12-23 02:36:36.000 UTC
SKINNIE,1441089.9429207137,CCrrZZ2DczJwxNtgc728ivuP3yo5UK7wkw16RJQvpump,2024-12-26 16:49:31.000 UTC
SQUID,1438154.4000533454,2TpC1K27zd3KKCvKv1zRzKaHiSKBdYRhBBnhJSJtpump,2024-12-27 15:08:07.000 UTC
liber,1425862.9225072574,DhuUMjDwKctHJst852NPEUjCdjgHejqU4Jfc3xympump,2024-12-22 19:16:18.000 UTC
SOCK,1415603.5083718998,F67DkkzAeoGPusBbAUYao8piMtAzC74utpKpaCmEpump,2024-12-24 06:23:30.000 UTC
O,1411850.297800582,VCwr7X488d3YrMXvBuSxghESPrgwESSKMwPwxBDpump,2024-12-25 01:20:42.000 UTC
Boomer,1410337.800916057,4eUVrv9Jj5x6YfisJgZHUKjvWCQvf4VkrFdyAkP5pump,2024-12-19 04:26:03.000 UTC
GENIE,1406296.0252987002,FNFZTAfY2JrBQRX6XyvRbvihTtXq521wsrEpQJy1pump,2024-12-21 14:51:21.000 UTC
AISM,1388456.8818523483,4NQMj4MydysRimFS8ho2KR5dSZa6bTAV7NX5Cj8zpump,2024-12-19 11:19:32.000 UTC
NEWHAIR,1386398.6085769362,QH9JZWo3CbbMtXcELJDFpERGwu19UwMVXFQe9HTpump,2024-12-19 16:42:24.000 UTC
KEY,1378328.5420112,ArCX4F9o9akvkzqJH9MMpeP4Fe7q75dJx55xo7rvpump,2024-12-27 01:14:41.000 UTC
BitNut,1372263.0435131183,7jiKrZH69qp8YkP4CuDNxbLPADym2tyyph2WUAz4pump,2024-12-23 14:00:57.000 UTC
Chad,1366837.764292225,9LFaSPPRZ8eTEgYzgwPhST35oe4JMshyvvWg5GPupump,2024-12-22 06:46:38.000 UTC
GenO,1365687.4153520318,9NPjYxLdm6rGvVffHjVxASJX246VUAJpuYY7wWK1pump,2024-12-21 01:26:35.000 UTC
DOGE Year,1358751.577543842,pVyAhq4cjKTkqM7ztrGqegunHMkaXNYoAzzMhxRpump,2024-12-22 06:03:50.000 UTC
Alina,1357388.7107254404,DbT3ba4QZGxAFR655G74pvCnJBvKDnQ3z3wi2UUopump,2024-12-23 03:45:21.000 UTC
FU,1337949.4228000909,CDDybYjY6y7RBKXXaCKHRhUhb31y3rjGB7idTdeFpump,2024-12-18 10:30:31.000 UTC
PASS,1333633.0929203902,Dbx3C8jM94tuVQq783SChKkgbLVBZ4r3mSkMGQfDpump,2024-12-24 16:05:50.000 UTC
Tulum,1333260.7215987109,DB2pqSWXLqb6rsbndT9dyBifFGEuudGfnWFZQb25pump,2024-12-26 23:40:32.000 UTC
MickeyAI,1333174.1713363754,Ew2VsZQAZaB85APrQvrf5qCodLuP7mG2eZxq3JSepump,2024-12-25 04:10:44.000 UTC
Biotica,1329565.7921404166,7QVQrwoonCTufXgfxEpCEXmpddhXC3MqQ5f5HmZupump,2024-12-27 19:41:13.000 UTC
DINO,1324886.550557772,Z3Qxvk11ZE4DZwRCnREQV7nmFqqDBuan8p3J3hzpump,2024-12-18 23:45:16.000 UTC
LUCRA,1320733.0667795748,EavQfddTs7d6MHyM7ZhKGvsDbuBQQnq3jWYUAVFJpump,2024-12-26 02:21:44.000 UTC
CANAI,1308889.714242536,FrMgax7Tibgn8v2ycgb8mgf6ubE1mm4JFDujtardpump,2024-12-26 06:25:54.000 UTC
Cipher,1305488.4429762242,7P4FDjSjNjsR7C9i1vJXurCxPwn3KZAbL1rNVHQPpump,2024-12-20 07:37:05.000 UTC
SAHM,1304906.418746385,3CRFBj9X7Z6ou5VSBv7ZrbgBjPqx3fCW6Rbisrgmpump,2024-12-18 20:10:24.000 UTC
Davis,1300089.0571371675,CU7s2rkdccbhvRjYfJBAB5aHBi9zvYpUK5j3XUrjpump,2024-12-26 17:35:55.000 UTC
KIMBA,1292581.562687849,F862wSMU13hhYAtntZNbsUZgUyNrtN3PqGwP36bZpump,2024-12-22 04:35:43.000 UTC
AZ,1290017.7574153084,DiNGZkPDC1fWf1xYhMsGBQ1nzPmP9pmAUotzLZvTpump,2024-12-18 01:22:48.000 UTC
MEV,1287853.9589783333,BHuE9ibKaDjUU7L1jTj3PpScmT8PNcpdGrV3fkNNpump,2024-12-26 19:31:28.000 UTC
COOK,1278800.5944632443,DgHpLTdGup7XALSBGHphArHLzaLHjECqf2EuVAZCpump,2024-12-27 15:41:56.000 UTC
EC,1278033.905500915,ueZN7vK2bocrYQZAQaGyTV7ZmiJW4g2LcVPvMBApump,2024-12-26 01:30:58.000 UTC
PEURA,1277134.0759952902,E6ka9D6SMjW4wnyRpAWHBNCvdrx8PmD98bQrUFcapump,2024-12-25 16:10:57.000 UTC
DOL,1269578.4914931662,B7ZiewQdab4Qq4AvLZwJjYbV4NPNsiAEieHxbtZqpump,2024-12-25 03:14:43.000 UTC
PMW,1269041.0550978188,5wbXVaTboCifoDLTHydWrMX4fgL8dqc7rji6CCMnpump,2024-12-20 04:44:56.000 UTC
Chillmas,1267916.350574478,G36mpCk6NiSqSXxviwc3FYtdvNLFkaniZ1pgsCZTpump,2024-12-25 04:56:20.000 UTC
Bum,1265550.2908086989,7yeZaTNdDg1JfDwvDwSvfMmRB4MGx5J7SVuVJiaepump,2024-12-27 00:53:52.000 UTC
STJUDE,1264986.3140463326,AiptTXxG6Tbm8SBDAag7AfUasjgAMakgNzyAuX5mpump,2024-12-26 05:05:00.000 UTC
Cheshire,1257080.9971985165,ASxf1PCtY9k2KK3SbPFDN6qHhrt1zUjrgt9eoic6pump,2024-12-26 22:02:05.000 UTC
WAIT,1255504.3864793305,2pPCh1cnXn77MeXWMgF9eXkUKKiHbgvg6HJJBsFmpump,2024-12-26 22:36:22.000 UTC
RASTOPYRY,1251901.7281085455,F2xaHKJ1BtKN8CsNbu2z4W2HmkSLvxsvPr2NZRyPpycq,2024-12-26 23:55:20.000 UTC
KREA,1246711.1170837297,8uhw58nGTQtXJsaye4mmfCAkVj5fzcX8tShTbLfvpump,2024-12-26 22:37:45.000 UTC
FORGE,1246265.966590394,DqneGe1h9FSV5BBSYYNAMqh6vZW9nwxga5xZbX1rpump,2024-12-26 19:26:53.000 UTC
NECRO,1236719.476669859,V5nbQcnwL5gJshmx6STmjoX18fLLoDaru1m2geGpump,2024-12-20 22:07:47.000 UTC
Misha,1235351.421794042,AkKqKXGNVHYNuCwL3qMPoa5TMCkT5pghs37XJEjLpump,2024-12-26 16:07:40.000 UTC
SEN,1231495.9371323355,zYmv5bCjYxJeQh8aDPcUp1Yq9BStqRSmNh3ZeDwpump,2024-12-27 12:55:22.000 UTC
SLINK,1225192.5776868125,BEXBGxj5iQnkL54EY7Wbn1Ep16izeaAinMCbzKVdpump,2024-12-18 17:57:26.000 UTC
RUDOLPH,1224312.7363273853,pFT3NAn9xHszgy5wv66Hpfo8Yfnn5u2ubfLKRyZpump,2024-12-23 20:32:24.000 UTC
QDONK,1217590.630584386,91kzTCH6xLxbTEcquvVwiKvzepHue1gCENH2E6mhpump,2024-12-27 02:43:29.000 UTC
ASSAI,1208823.8932560398,HSy7a652L4bQ4BcnNdijUgbsb5GPgWKKSb2WTW6tpump,2024-12-22 18:45:40.000 UTC
DALMATIAN,1206385.853982058,YLEqHQMM8k1xNebarUg5AMP9HLTDEhAgKoWVFMk7PPU,2024-12-26 08:03:23.000 UTC
LAKOHZ,1199979.038096974,83PNat7ejeziLJvY76Lj6EDKnh4vFK9NzLvU3xRdpump,2024-12-27 14:58:43.000 UTC
CHIPPY,1192023.3907923924,kW6APhttcGbdMYC5LD3nQ2H9NNxKBiMDswV73hopump,2024-12-23 16:50:05.000 UTC
DEEH,1187979.8458108895,D2Kn55s7QcgUZzE2YnQD8DdAnu8JaNsAwhRZvuxxpump,2024-12-26 23:36:41.000 UTC
HONK,1183494.8099373372,13ukyEb2rHXZsSMccEkC66qL5ZsG6jz3Fi1e1yvtpump,2024-12-22 23:02:53.000 UTC
asianandy,1180012.0068102265,8157Z2EvQLg6aAxMT9etMdpw9oepPXiT68mPxB9bpump,2024-12-21 00:16:23.000 UTC
NOA,1179083.198560628,BPsrk6t2Ni6ygPTG6AWRacA4RsQEueubzyR1cMVMpump,2024-12-26 07:01:37.000 UTC
squAId,1173510.8613433342,G3gCmKbSVRT7LUAjtgRnwBnLfgHQxdhwtoQTm7ejS8Vq,2024-12-27 05:40:41.000 UTC
UFT,1173275.1241122277,Fv8kRjFnfJSoEZM81jkG3SfUkjVbwHT3WEkgCXNNpump,2024-12-21 03:35:31.000 UTC
OXOAI,1166474.0912803663,8EYiXfNu2NMvYMxrVvUyX7BgoXmsp7ySRbmNVSSWpump,2024-12-24 04:48:01.000 UTC
Placer.ai,1165592.441443583,3L1bFSuv6kUsiQEx8k4vnBWdXgNe3KPRAU7bt6eCpump,2024-12-24 13:12:25.000 UTC
cou,1165457.6660663213,JBime1a8wXPdG6bQtHMtFarwu5vEEAGypWo5oDuepump,2024-12-22 04:02:28.000 UTC
Hoshino,1165320.211591792,8u53rsoZSe4CDBtv7e4wXAa1MyyLSWhn5fn6MLBCpump,2024-12-24 12:22:51.000 UTC
Biomes,1162610.9770696082,DTv4Q8Z3gFzrjGBKyGAQWpd4WawJbeGGuudLV4GXpump,2024-12-20 07:18:22.000 UTC
MK,1158987.25775265,BDetvRhsAQ2sbJMu9HcREZ6TJaGDzUe8MSuDvk8Lpump,2024-12-24 06:06:16.000 UTC
PFC,1158550.2050663242,HVboWgJB6XyKuC82D892QWYmhSfyBpAMCxepwTgpump,2024-12-18 04:22:09.000 UTC
Pinax,1158250.415981911,Brd6i4kA3ZPCWN1LRhYKdez5DfJobsxGYkrwUTWMpump,2024-12-21 15:54:27.000 UTC
Juris,1155338.768120115,4bTBVjjd2bujqJoPhCXcnZpFNEMrsevTqB6CwSDBpump,2024-12-20 19:03:19.000 UTC
Niggalink,1154809.7109617176,HR7Wuvbvz3FQ7Gk5WWKr19dfBcFryMBmZBRjcMqGpump,2024-12-24 15:41:23.000 UTC
LUNAR,1146920.6616631905,xkZRAnjGWP4LcUqzvP6uWr1fjz1UKg9ES7frfSPpump,2024-12-20 03:00:35.000 UTC
RUGRATS,1144273.5857641224,7mJ11V52ffkS9NzrF4gsUjQTzHFdFozxN2wgR9kMpump,2024-12-26 08:58:10.000 UTC
25,1142578.1691297246,4jLFa4RzstoeY8p7MmzRo18M7keeo8Xhfi1ZANFmpump,2024-12-25 14:29:51.000 UTC
NoahAI,1136522.3815007785,6YEhGNEJitUMARvy38BH2Z6gjtQTEMtnHq7NJcjbpump,2024-12-18 22:00:19.000 UTC
Max,1136513.8135130133,B9qnVMznN7HinxgjZELFZuYXgRjZQhbe2J4uR6u8pump,2024-12-24 19:31:40.000 UTC
PENGA,1124676.6751053056,5d1qPzxA5ypLCySX7HATjh6Jwjc74t279T4r4t3ipump,2024-12-18 06:23:28.000 UTC
DOGFART,1123629.841023899,Fy1UUA2Q7gztv7JcqzE5MJJnSt63ZXw1DUJErn72pump,2024-12-19 06:22:51.000 UTC
squAId,1123118.095230017,9W8Dhkof4Uycy5spWUZcTyP3Voo8nhLCPH7mwp9pump,2024-12-27 05:57:53.000 UTC
BTCT,1120598.584210482,HLi8YBkwGzMbBSq4dwsHoxjrPZxgyWpLpGB8s93Bpump,2024-12-20 02:52:28.000 UTC
NOWK,1119899.9997579916,6dRKnReACYSNzE1Mef7BPR4Y1wEKZgmGZbHy5BdSpump,2024-12-19 16:16:59.000 UTC
FLAPPY,1119458.8868936277,BceBNYA5piejo5th9B1aQedCP1PmcaP7bN36F4cvpump,2024-12-24 22:36:37.000 UTC
NeoBot,1118802.9895159958,4tZBVe357dRYtPm9sc7qqssyiHWMMAY1AgiQBNhEpump,2024-12-24 01:58:46.000 UTC
A.Milles,1108818.1051271397,3SmC1XiU4exzePDooUzihCJdoYhzk7ZEXVcDmYQApump,2024-12-26 21:47:39.000 UTC
jingle,1108163.853559651,8EndUGFKcBFaW4rM6tM5KW4TBLV8fEpdVTiyU5Qkpump,2024-12-24 04:11:21.000 UTC
Olivia,1107190.389218049,FVu9wB2gupQKoosmhYRPr2KeNBhtUvfPKopRnGHfpump,2024-12-23 00:44:16.000 UTC
zeta,1106079.6498242156,DDJ4xPbEUJWYq49MaVjVkFNmvXptEt8zxnT5w1uMAVvW,2024-12-20 06:58:03.000 UTC
Asuna,1103463.6252259158,E27FMdYvVsKznzavzhLsiyYc1EuFBjkd8fxfpA6zpump,2024-12-20 20:24:48.000 UTC
LEOAI,1099391.728336295,HYsDyrjh1wPAWW2MXgCQmC9vmmvPqWreYBZ2wRWLpump,2024-12-24 07:06:02.000 UTC
RON,1098604.786676362,DZLZ3mmeD7MPsXFU4N3CLLcvPWTo1dtzpXtarANCpump,2024-12-18 00:24:47.000 UTC
URD,1095310.9055697152,JmAWYQUoxZfRzrvrkfusgUin4LqwttLKfaA18qFpump,2024-12-19 17:53:07.000 UTC
FARTO,1089614.712645536,4GzCGj8yFwgASBGt9pL2BuyAad6qFTMzmWtk3GJNpump,2024-12-18 21:50:42.000 UTC
NOAI,1087929.0317224858,DSsRiwtCwB22NVZ2JEAYRSsUvcx1NbzBbvwXc6Q7pump,2024-12-20 21:02:45.000 UTC
H0L0,1082976.5941081052,9SUCZg1RMpyMMYzRP9Z3JSZFghXGoXerEzjKQvbSpump,2024-12-18 11:02:10.000 UTC
SANTABART,1081075.3170687633,AhYHViV2riRcb5j8Pf5bX3PGkFJYtg8QBXmrRXyvpump,2024-12-19 09:26:57.000 UTC
Squid,1079188.0854399372,4a5shD5zfUGRzrnkbQoAMEg7p49rU84bPARqbFDopump,2024-12-27 03:03:25.000 UTC
SQUIDGAME2,1078810.873805135,Hh3e9sgZ5TYzf1WKtBaR16HgH82gCcUj4cDr2sqshf77,2024-12-26 14:04:29.000 UTC
Rosa,1070334.8662469676,5mFRqBDFHLcrdzhodnakg7tpgtVhfYpBMBmCvwtQpump,2024-12-20 15:39:21.000 UTC
FartPay,1069765.4280303202,58nsz8BwKwJU1ZDQHTvo7K2GQ5AMmKd4U4Uusc7Apump,2024-12-26 22:24:19.000 UTC
SANDBLOC,1069321.0907914585,82dohgFz8GpTQzjsASfCqSkcXPsVieJiL65eJe4Vpump,2024-12-18 19:38:49.000 UTC
WFG,1055961.3141758402,62yCQYYcxPE1qs6iTrpmVG32NaPgNtTsw2mPpa29pump,2024-12-20 23:44:07.000 UTC
Tecton AI,1052255.5528793978,5ySaJbKK7YFjXWWeQKt6yxoRLS27Zz3eLJGzCDNzpump,2024-12-24 00:28:49.000 UTC
swarms,1050457.821727579,8ZoXAEtEqdNWiby8sEcozLLKdbTyC2maqMaiqSwQpump,2024-12-20 06:44:23.000 UTC
ABACUS,1049711.425160007,Eoj23aK27Q47chLXYjWRHrE3DMZ9ybDxBXxThSAdpump,2024-12-27 01:14:04.000 UTC
KOLAI,1049538.0051459193,yHTmmKUrmnQ9UegC4n38R52cH6GYBcQWGAH8u1upump,2024-12-20 22:49:52.000 UTC
MERSTER,1046602.2314373164,FNFWruo2ipezgz8Qy2garyA3zfRivhmFr5U8Szbgpump,2024-12-19 20:34:21.000 UTC
Prodex,1043478.938628615,8P9W3VcGKd8WVfqPrcWvcioPZtiC9bxKnBVfPpTrpump,2024-12-26 16:41:52.000 UTC
SOLAR,1043178.1726955292,FjXP81SicAYEFyqp7UQS1odfy88dvMSLTzmBUR9bpump,2024-12-19 10:11:55.000 UTC
NNAI,1039986.007258533,CAN2KrN2GEt8eU2JSuQw5wsfLL7KtzPM6Utav9MSpump,2024-12-22 16:30:22.000 UTC
LEOAI,1039200.7081524184,FBkNXWSys8Ho3QGFw1FExYv3i1BPkDBN5CQF1uGypump,2024-12-25 02:16:22.000 UTC
BIOTICA,1039185.357007268,X7hNG5JxVbnMkV75fmRvMTYNM8YqZwPTb8yeKU4pump,2024-12-27 22:00:39.000 UTC
UIA,1038755.8153145588,4y9LozS17PQKaLrnzMLqKh5WWHNk7G6A73YfJ1Eipump,2024-12-22 04:13:26.000 UTC
gemspump,1036502.9280634142,ETG9B8THbGSiuLj6VopThzJt97BxY5LYiQrLPr99pump,2024-12-21 20:38:57.000 UTC
JUMBO,1031650.0348920446,BH1BQ7TfBPpfCkgejBCRgMQvYTHmLNCQD1timzCwpump,2024-12-22 21:07:45.000 UTC
SLP,1022294.5410450508,GfunTQmVKKQPiSr93gvrLtecHswFVYhpnTR17R5Gpump,2024-12-24 14:36:39.000 UTC
BFD,1021898.918097093,GsqUGHTNxEqq9KuPDnzphWzMmkQJrbTfbQH7u1DEpump,2024-12-25 11:45:54.000 UTC
XYZ,1021049.9995000198,B7dcZ6sLZFivbGU7Cv6pPNXZJ2QSoCe9bRfhXjK6pump,2024-12-18 19:52:23.000 UTC
APACE,1019847.3248044928,GfFztaoBqGpPLnNtcFQr3qRGZoe11ZMUnoQfcjwQpump,2024-12-27 03:17:27.000 UTC
MSC,1018973.076741906,4N4iRskLuSLwdGkbvGh2fncZfPKKbXFX6bPEZux2pump,2024-12-21 09:17:23.000 UTC
ECOKINK,1018810.5420252166,6QKGxGxRCzniHQKtEDGCUrjudLhMb4FcGjUosaQWpump,2024-12-19 04:09:06.000 UTC
Philip,1012674.0285124996,DJyc4yggc5dnjd78zodpo54GxfYzfgGRtNWigVMPpump,2024-12-25 03:27:59.000 UTC
BUFD,1012139.5133105149,DHiaQfK1z9WFkbyKcVrC9zATtFSSWov6cctgcuJpump,2024-12-19 20:02:43.000 UTC
DIP,1012066.8956899204,5zMqvGMojy5HEg98EQTSzyHLNd34TKJQv5d8bscPpump,2024-12-26 23:00:51.000 UTC
MAGIC,1007671.1504837486,Dt5rqs88Ad9YdFi68Q14GJbQjyWuarTRa4ktMvAZpump,2024-12-27 09:52:50.000 UTC
citrine,1006775.7311809452,FLUZkWxVUPVtu1HCY1JfZvhyrYu9KTm7Lu9bvjcUpump,2024-12-26 13:33:58.000 UTC
tulips,997715.790848188,9nAixveqND5a7X6xiBxtabC7fekYj9bT9KkDGsVApump,2024-12-26 16:31:13.000 UTC
TARANTINO,996505.5471535458,ShMqx1D2x1jSJAQwkDKEoZaQ65rxAELBYeb9P2Dpump,2024-12-26 22:26:34.000 UTC
APT,992709.4031095348,3MAJUVW2Fcdxwt4GZX8MQcaQtJDy9hv4sq3hyAK6e1SW,2024-12-23 06:31:26.000 UTC
ROSA,991929.8408943288,CvV4Xgz7XmE21qYFZE6MUEHtb2XSzjxNKweXs4jGpump,2024-12-20 16:48:48.000 UTC
GLITCH,991042.7384579524,9Qf8NEQJGGqqrydnBXFjQArLtiR2X1dazgN7BskQpump,2024-12-20 20:50:18.000 UTC
JUJU,984311.2107545123,42jZpccnWXRp4gUKtgtNUitc7NxG6VP9s46q5xrSpump,2024-12-18 19:06:42.000 UTC
MOOMANAO,982524.8228434562,6Rbbd3KnuuAWH22nQk7x6TodoDTMX76YKKRg9hVZpump,2024-12-23 12:56:33.000 UTC
liquidated,978349.5642388972,GK28V49q64m2hNcKoPBDPFZ6EToNHr8DdJ287JPTpump,2024-12-23 06:12:18.000 UTC
Zerepooch,977554.4289666566,7GKhrrqoe41CidYCuw48bHnzFNcbG8yoLojeh9Xopump,2024-12-21 10:22:00.000 UTC
MAXI,977090.4245863066,DMVy3Pvyb1Tspwn45GBFjX4B5V1NMFfujJGXH6wcpump,2024-12-25 03:04:51.000 UTC
SHIT,976868.2075323256,7pADAkcs3XgSYks26ttBED8JKdLrRhihyFGnCBs2pump,2024-12-27 14:55:24.000 UTC
HELIOS,975541.6457854742,Hfz14UEHaY9uRKnNrMd15zgy6MgkkkrBzesmKX2rpump,2024-12-24 17:16:15.000 UTC
JGMG,975205.6930462614,FbUJkFDkj66VuyUWVCzn7bzFwtppyXWmcYFBEDHYpump,2024-12-26 07:56:28.000 UTC
youngdev,972902.518552544,7tTMQNtJ8X1RFPy9CBeggVWvJk6DHk6HNvecr5Ndpump,2024-12-18 07:34:21.000 UTC
BOXABL,972416.3670418252,CWuezwiRDHRqi4aPNJtGEsnWbr4CeqktmsgeVTZapump,2024-12-19 04:34:46.000 UTC
SPED,971792.8109992256,4tWF1huSLgmoR6RhLgb23gsuFPhASj69kxPvNgbApump,2024-12-27 01:06:47.000 UTC
DAVIS,965398.231388905,xtxATbXzgY7kmsZ1A2k5yDaWUuZsJGCA1s3tKPmpump,2024-12-26 17:30:47.000 UTC
TRENCHMAS,965281.8710622578,HTksNNQYZURaSENXEvZhJjKZsuKnKowCtvEiRZsRpump,2024-12-25 06:26:17.000 UTC
GENIUS,964671.4289991788,Df6CNkecQ5LWfVM7eh2qGk8jVBjSD5FHb3bNizB4pump,2024-12-23 15:15:59.000 UTC
Amir,963791.182197226,248oRKZh6D7GGT6Ki25vr8FDLmfSD5Y32xpqQiQDpump,2024-12-19 12:42:06.000 UTC
Graph AI,962846.6519086412,7QkRo6fJmtRwmLyr1nwnXWcbzA5fQwAs95AxsrxRpump,2024-12-18 16:20:15.000 UTC
AGT,962465.529567078,62NSgicA9Z9r2gUpzjK1hmMSUKpeCZ6RS83TkPbWwfyj,2024-12-27 08:11:13.000 UTC
Hedge,962456.21341624,EY375tS6SgLxfMyai2zhXnzzz7wTVe6RQuaNUwCJpump,2024-12-24 05:07:08.000 UTC
Nerd,961657.6846037424,GR463aRgVWEAqskBmVtTyBcfnvbGMhw5XjXqtK6ZTNjH,2024-12-22 15:41:41.000 UTC
CTN,958930.8108872334,3GHnKU3XdyJmybjQhrARU4pRVWo3uLFtpnUPbYwjpump,2024-12-19 01:21:29.000 UTC
NIXX25,958895.4302331754,6UJJLMeXWnmhrZdqpFAPuQ8ktwg8wpHyGmyRUsHRpump,2024-12-26 16:38:16.000 UTC
Proud,958287.3974269928,5x3jdWJkPJVspm7N1SmDpCPW7vfo93PCT6sy9Hcjpump,2024-12-18 13:49:20.000 UTC
NexoraAI,957588.5186235148,HjqSTS3eV3TA98bZyeTdhdaZp2y2pYBLmZh2WVcApump,2024-12-26 15:52:04.000 UTC
AIC,957536.3069171573,tAXpbrHoCaMDtzJ4M4wEDHbbqWXGyBphxrTC5CFpuMp,2024-12-19 15:20:24.000 UTC
TRUMPCOIN,956136.1663841032,5kDu3pegL7QTxWZqnbkMdz1ajLWLNY1T2w8Peqbipump,2024-12-20 04:43:33.000 UTC
donut,951742.300070032,5VbihQTUd7tVdCYT1Anv5VxfBk89JgFmjFuM5XMfpump,2024-12-23 11:18:24.000 UTC
COAL,951141.9052283346,FuqHzJsxCjqVjPNfy2PUp52515RhkofkaCkQm71qpump,2024-12-22 02:28:56.000 UTC
RD,950126.5521609328,GJxc2bJQmfnVwkCbGjw3onciRx7JmnPKWHbopJkipump,2024-12-20 15:25:09.000 UTC
REDLIGHT,949021.3085258683,BJZ4VQ2SDjM9osGa9qBLUXpobqWTNcxVtEHz1nDwpump,2024-12-25 22:45:27.000 UTC
syphon,947749.3196848172,FNtw3FvsT6oFWQc6mP5XPNXBr3p4mjJhyj3BgPAzpump,2024-12-27 13:45:56.000 UTC
CCCL,947687.8426097436,HMGwhVQYeZxvU89akXHSf9fe4KgcvLMBJ2nmS7wBpump,2024-12-26 13:11:20.000 UTC
BEZOS,945428.1078121816,B8q1emW1dKLerpaiLi9n4ZVSCMLaDZUe8T6mPekPpump,2024-12-22 15:44:42.000 UTC
sir,944137.8421706498,2f1hVmoaawrkJ5xdwqdGys3sJiH5JKwum2nL9D8Cpump,2024-12-24 03:37:41.000 UTC
SSQUID,942102.852679247,A5nfS4kiueTGkWiosCtpxjNBk2EVKwt7BUoCRRafpump,2024-12-27 02:54:56.000 UTC
SPG,938188.6073284056,4e4cQca5mRtyQnBz4T3SNjA69SmmuA5Bg786YNkUpump,2024-12-21 19:32:59.000 UTC
zerebux,937215.66003,5aqAVwQANuB1mgejb8vVjztFDKu2ZHiohvqQXLqQ7ex8,2024-12-19 23:18:56.000 UTC
ronald,935891.5672195416,Ez3Gxud5VBfRr81mRpxVhjH6YqcrBh26J61cd3HZpump,2024-12-27 02:56:58.000 UTC
TRUMPCOIN,935647.4936906802,8xYerJyMEqmbLMMzFAA6WSNc4buMJqgbMwMCWhM6pump,2024-12-20 16:53:28.000 UTC
SOUGEN,931173.024484502,4UaVGmuESJTKur5QsYuhWNXADdww85zsf1a1JHXBpump,2024-12-27 12:26:18.000 UTC
NexoraAi,928412.5343472784,DsAUBGwxucMDEV5LCLDKXdbQtttEwDXJXomHw2GWpump,2024-12-27 11:36:15.000 UTC
SQUID,928408.6291304964,4FhBywhvphY5ZZojwW6zCxnPBGXzhvDrZPwfiWhspump,2024-12-26 15:14:06.000 UTC
IRLMOODENG,924749.4519529684,LQBafdYYicqhqhci324bFS9xiNzk62RxEu7iD8Kpump,2024-12-26 23:18:26.000 UTC
HAPPY,923348.965111679,B4JBULP8ZSvPmeutNEHV1gknEvS6B5CCNPCU7ie9B8Cw,2024-12-20 11:16:21.000 UTC
QTAI,921551.062906506,8MbWhuF2Tr87WVFyd38HkeeTJpLWPqbKzUzwDQpypump,2024-12-25 05:57:52.000 UTC
TR,918408.6419522056,VfA7hfcNJ6gKC4E4hi6m5nHKRDPD5fcNnFMsah9pump,2024-12-20 18:03:33.000 UTC
OMNI,917498.890570696,Bkd9x4TY2vCkD5HehnffLagDxnY9gE8EuttKJhr3pump,2024-12-22 21:26:10.000 UTC
AI2025,916589.3931291668,4xDgaaWTG7SQteKpGqocJRFcYNHUqAxu1SqiR6aFpump,2024-12-26 23:54:23.000 UTC
FSR,915199.6075873276,2iLNwaXLEEqCeQPenSMJu52nwGGbL8zDn2FysHj7pump,2024-12-21 06:17:50.000 UTC
SOLAR,908581.586852849,8A887RPeLnKmxiyLq6M8HiQks879jzYWVCEwoppdpump,2024-12-21 18:14:38.000 UTC
PUMP,898388.7155696327,HnTdiZLYu6bpKW6XdmvgbMafLTqz1vzm9cNx2AyUpump,2024-12-27 17:03:34.000 UTC
super.AI,897264.6129008309,9NLbNrJNsrAxPY8AD9JLp2LTSbee6ZATTqVRZ6V5pump,2024-12-27 04:24:26.000 UTC
UNIT,896575.2195168339,GdkmTfmrxdHwWSSb7jruupCocfr9fCUvjrA9EjDoHTjP,2024-12-20 14:15:13.000 UTC
WhiteRock,896374.5996348548,8wkpvBsjk7mQjV4HHTafD2CkeXffgS8vcP5ttSJVpump,2024-12-20 13:56:26.000 UTC
PENISCOIN,896181.7744676474,JD345AhyTrcaYsDTeJBeYtLNCwHHMvMTAuRY8Wycpump,2024-12-27 17:50:50.000 UTC
GCKO,894544.0388279532,2YisdDs3zxuFpUbr9Pgp2k14atNvrXMuAgCZ2gZgpump,2024-12-27 18:21:56.000 UTC
SOLUSD,893059.8118733878,qHsYr8kikLk14yVzg6GkesCTFT9iCXqhCXxXsc7pump,2024-12-21 14:47:29.000 UTC
/REACHAI,891620.9119979215,7eu4hdnDPwcmNTA9gEvdqGxAGouDHJVBRvuNWzygpump,2024-12-22 02:18:21.000 UTC
KRABS,889419.5436627262,DrQLCe3GHK95JxCjoyTMzCS9ukGPHHxhUgcwymDFpump,2024-12-22 23:12:45.000 UTC
ROBERT,888817.2328664138,9zJ8q9mKJKdqVXhVKz5UKqYmBhPsaciVBGHMnedAuARh,2024-12-27 20:29:38.000 UTC
CHILLTRUST,887775.5445995327,EMKG9uZxj3gVdeUhhf6JDZLX5YxZiDhs45mUV4rwpump,2024-12-19 10:17:54.000 UTC
$REVIVAL,886585.0335610727,85tuQ4fY5s57SZiwWTkPB9KnFQAPUaqSG5B5f9f2pump,2024-12-22 02:14:48.000 UTC
NOJEETS,882671.7574747193,6RGSVPAGhNwAYq3E5ot6MW3jUsNgG2xBv1iKHK8AUZ5n,2024-12-18 19:46:15.000 UTC
Andy,881003.6112385779,32HVPfJbExAVfUG8QyKPH89XJL1977UhA1zaKwhjpump,2024-12-21 00:09:29.000 UTC
StickMan,880063.4701476217,3XxwrpPgrMK7eaZbaFTG9T1D7puLW2BVJW64nEBDpump,2024-12-26 19:13:12.000 UTC
StickMan,880063.4701476217,3XxwrpPgrMK7eaZbaFTG9T1D7puLW2BVJW64nEBDpump,2024-12-26 19:02:00.000 UTC
zerescan,879828.024658397,2ettpHVm2XgS76QV2c1umVDq9t1SjTg77RKE2BW3pump,2024-12-23 03:17:05.000 UTC
SHITCOIN,878590.8782137989,6yTAJSHQY1StJBAJK68Kst71KUux5wZkfa2VM8Wspump,2024-12-18 23:39:53.000 UTC
Rex,878587.6122319736,DyS38GbdAiuJauWKFRQUZbBrUsTD9x3rox3PfFaQpump,2024-12-26 20:00:07.000 UTC
NETKO,878453.5108373247,DbbAXgYgcGycqmcKPSWuBqyU9GLeTH5rS4JhdPSwpump,2024-12-23 23:42:03.000 UTC
0,877198.103057944,4aXoSdirs6WKLUzg1sVZjayREkH5edcKCsyPVdQJpump,2024-12-26 22:07:44.000 UTC
PUSD,876942.9814802945,8HaP7goaJcGknuvoUUEtyoTaXN2TSHhts1JKFjvfpump,2024-12-20 16:52:50.000 UTC
STRATA,876514.8608508448,5VDvNbHghMCgBuuPLAwaHUUGhiZppSHh7Matbf5pump,2024-12-24 18:03:31.000 UTC
$FOMO,876316.6723168516,5nLMxrtSzA63FPou3LsqssboziZJzneUkWoegJzDpump,2024-12-20 17:07:36.000 UTC
K3Y,875480.2089461603,Bu4Qee7iEEUdWjuU4QhDw2f4JrEHShUiGRH88mJopump,2024-12-18 15:39:02.000 UTC
ERYON,872594.1894451928,A6qPbU28Gx2TszNdKxWXQCQWrgsX6uwaZc5R1neApump,2024-12-26 22:42:22.000 UTC
AKANE,872226.4411178029,7ipDvePMxS33q2fhw7njT9HL3sVa5p63UrGXrjoHpump,2024-12-22 11:24:09.000 UTC
GENIE,867890.6910639037,5nLmpN2oxfvaFZUa3VgaazrxPumesBgpr6N91DZopump,2024-12-21 14:27:37.000 UTC
EAI,866521.7181447095,G6Jjkq3ejdgGjZaPx8Gsgrjd2L1RUkXA4GGyDFptpump,2024-12-27 03:21:10.000 UTC
HOPE,865986.9467314763,9gXt8nHvseR1NcqiYZEjSnVXoQvrwzvYQnq8Co4Fpump,2024-12-22 12:55:46.000 UTC
AGNES,863769.7802528169,7dfFBkbsmnGQoURtWboahoaLE6ZaydNhiHyTjYuJpump,2024-12-19 13:10:50.000 UTC
TRENCH,863573.9621082478,B19PwcrWAXihn1z5zoA1zchdSBqjtzF6Zaejzhhjpump,2024-12-25 20:29:11.000 UTC
KinOS,861539.3639440772,8koLh7HGj2waBRjGKLoexc85npYkFMLAsMrSN87rpump,2024-12-26 14:48:10.000 UTC
FART,860603.2725200491,CNfnbBmwLE7sPtMj86GL8j7CqZZAHS8anzyuMGxapump,2024-12-18 17:12:26.000 UTC
exohood,858306.7510788371,BGk74MLmNd5329vSXyitwPRypkAhQQL1QzEvrGsspump,2024-12-24 09:04:20.000 UTC
NUMIA.FUN,853300.6597328696,BsF2PTZ7SBnJZdoZg38VtQZVyH5yPnfDCHgwsXTkpump,2024-12-22 20:43:35.000 UTC
SlopAi,848693.4402266623,8yQoVknQZ4bCVgodUNhXzceCnAu6rXjK2oxakVgWpump,2024-12-21 03:23:44.000 UTC
Plane AI,847801.5878276031,FKehdmjQRvSgkt2oB4GFhJ4Q5ZWdKnVmziZ9RKxDpump,2024-12-23 00:55:55.000 UTC
KMONC,847787.8156348694,BTAiQKMYCpopjLh2tFiRbSKVyXAiPxYjmpG9cfgbpump,2024-12-23 01:22:46.000 UTC
Shaman,847284.2805548891,D4FFL2jCkgJC3cNfMLZpcDxtTWTJrZsv5wkYF1zLpump,2024-12-20 05:17:06.000 UTC
Munchkin,844870.4009246136,28TMMxkPQQNQJuFSbhzoMsDb8Uh5s49tgCnmjkL8pump,2024-12-26 18:31:12.000 UTC
VVSAI,844633.2045023881,FKpvSVAJsCepzaVjyuUk2tP11D92FoTsXhio9MHcpump,2024-12-23 13:31:31.000 UTC
mimi,842960.2620232963,CfeKAffJw7HoqbdoDjroGE9XF7PbG8iRrD2JtqgPpump,2024-12-20 22:19:20.000 UTC
mooni,842250.8821963138,3YrUDoCUwF9ShWFfFDC2zzm7GHQqTzkMWFRunVVMpump,2024-12-22 19:48:10.000 UTC
DOOT,840253.2150264337,5p6g6yGEaiLZQtreQWNBTtZnKyX1Twh6dFcVQCTkpump,2024-12-19 01:26:36.000 UTC
k,838052.9299048005,BjbGn2b2R6sbvAqqEC157CFznKXaDw3hoomhxatkpump,2024-12-26 02:34:05.000 UTC
Daruma,836509.9605427448,37CzrvLTm2r7wQCJjDWJrNsUvrgjp9RfcCKqTjXapump,2024-12-23 18:17:50.000 UTC
ZANO,832711.0707398065,FQrKhBkpS4YQrLC5ewxHHN95JXuZgD2LXjr9QXiGpump,2024-12-26 18:19:41.000 UTC
STHINGS,831787.4654376238,wJ37YomQAZhd3cv5JbxjNptDUjM76gkWoXtAgwUpump,2024-12-21 05:39:26.000 UTC
DAL,831319.1506934676,CKPPyCmJeZC1nYY2mtZTReobQwP2TYZZtSMf64M7pump,2024-12-26 02:00:29.000 UTC
FLUXION,830658.3980748387,HNPTokmE3vnyvHkrbPN6GWTeg8uBiXVxTJJRHhzzpump,2024-12-23 19:12:23.000 UTC
JUDGE,830051.844904618,4gZmMnVVkBPQiCHG4VJKN7nMU9rtBfWcXNX67aLPpump,2024-12-19 08:49:57.000 UTC
ROLAND,829919.9329171458,C6nBpix72ncGoKNB7kCN7q8VoMjzK1gFy12QeaY5pump,2024-12-19 05:36:41.000 UTC
AIDOGS,826870.5329152377,Fmks5y6y8FTMvEp3vQLB8wqrM1Fa98d82BYun8sLpump,2024-12-18 15:56:37.000 UTC
suzi,824131.7864094969,7Bh8z7zwurAzyDDwngd6tt9PYz1U2rkYUtz68TMqpump,2024-12-21 01:02:59.000 UTC
PIG,824064.800164804,JC7wKQmwXAzZPQAG1GnZJ5kexy2k4jfiaS58S5r9pump,2024-12-24 03:07:44.000 UTC
ELYSI,823139.5133340253,HfXc3Mso9KjhwWPDKpY1n5xtjnsaFf4fur28GWCopump,2024-12-27 21:32:04.000 UTC
MINDX,822485.0977612083,47Q8FrNWVLdf2sFv1DQcqANB2kh1xkoNGSugCs9ipump,2024-12-18 22:56:00.000 UTC
Sol,822290.688875638,CJGV5VSsUMeA2ZxJ7NUsRbfowijWaUwa4gi3yaKFpump,2024-12-19 22:33:51.000 UTC
dexu,820377.9249604715,6kFmPSijciQzgbaY41sZSifLJh9HywgYLoY5tDr8pump,2024-12-24 11:25:31.000 UTC
Archer,819397.6597011593,5tFRRY2GCeWDRV98iUafCtigBu7sAZZ5vymgXS6Tpump,2024-12-23 13:07:43.000 UTC
STAN,818753.7398029636,5Mbyt2HSZTVZxDYwt9wSmbbu3jUnNXeg3yiUmQbpump,2024-12-23 05:01:23.000 UTC
RfBull,817859.4891720263,Gpj3wUS2us5c8wF8B4AB3PTBKYsiak8GNMJRLzTLpump,2024-12-25 15:58:20.000 UTC
QLC,817144.1181974388,t9cQdBV9rdsVP5fm9QizBXfWz6nLEwDR633WPu4pump,2024-12-27 07:03:01.000 UTC
UNIDOG,815444.471536639,GtHT3V6UDK1LgEPDSrXJ61GD4LnQccigPacaEFEApump,2024-12-19 19:04:14.000 UTC
CPENGU,814838.4778689217,4JXV89F4pXszH6TxV3ATLGwjaDXGemRypFZGzpx4pump,2024-12-25 19:00:19.000 UTC
ODDS,812831.5779761313,FebD6vfyhokqZdvLS3RVLoGgjZaLT4Ax5Vt7wMsfpump,2024-12-26 00:02:05.000 UTC
NIPPLECOIN,809915.9013420094,7YkyNhzP2qGUknwkVWq48q1dCdNwLxkSMzyQT7appump,2024-12-27 09:16:55.000 UTC
INFERIUM,807758.9348806713,hn5aKEmG3PJ2FQcCYukJNgtoZu6edZoFQZQqZappump,2024-12-20 20:09:46.000 UTC
PYTHIA,806344.2060181282,5xhiA3d8Qn6Nf3Pnrir4nKBBcZxT28kTWFQaTpS3pump,2024-12-26 17:46:12.000 UTC
NubDog,806254.038669282,5oYWXfTHsuczqydtafjMtWarqVmwmepzPhcBt5Tdpump,2024-12-24 18:36:29.000 UTC
Wagmi,806217.1462558458,8N3GpSyqUi3NTJc1uiKtZXjpWAuBVywFHuHnrg7Mpump,2024-12-22 07:43:22.000 UTC
‚Üëdog,805521.4072824934,7B68eYMGpxpGHTFAMhQAX3sQhLRvudjjC2b2R2Eopump,2024-12-27 11:49:51.000 UTC
Stupidcoin,805316.040820561,Cta4yjjhkiJQKHeHtizArLKnoVeJz6fqrYA13Xsppump,2024-12-22 07:37:33.000 UTC
CHILLTRUST,804550.1012133446,GmMQYZXC3snw3sP6wtZ71uXhMbR2PeVnkiAKrhbbpump,2024-12-21 04:58:34.000 UTC
MOOMANAO,802413.6710148299,Cep9BhE3no9mNhMpGLXEWBYbeP9mRy6tX6Mr5EmCpump,2024-12-23 13:12:54.000 UTC
BITPUG,801574.4470911085,Gr1wi43AEEETjCa12SXLy7Tha6o7bznFVpMuNnMmpump,2024-12-20 01:34:07.000 UTC
SIGMALIEN,800334.3408548186,3SgsZW585DruX1mVkovRR8p8WWWv4b8vN56dJbwipump,2024-12-26 20:15:12.000 UTC
BOAI,799586.9584441577,ozC8Z1AKf8cDytpHJNyH2RpYvLAeF5ZZhEPBayVpump,2024-12-22 21:31:14.000 UTC
Perspect,796796.1605012993,Ho6u2xJ9WjL1AE7xoLHdUEf7h2uKe56BKrg5FZ7wpump,2024-12-21 20:13:00.000 UTC
ROSA,792075.0328191691,AhjM5cCBysZJbwRRKhkNonHViScBAQTNUWatFKM2pump,2024-12-20 20:09:05.000 UTC
1036,791749.0162402089,FwFecgJm3kucrHPo9y8L4b3q7wbYRGT7Hw5hTaA3pump,2024-12-20 20:32:01.000 UTC
RIBS,789358.3948356055,6hRRmnnavLTbAWcYfzpfr4JHmEDdyzdMUBp6z3BRpump,2024-12-26 00:45:08.000 UTC
AGENTIS,789343.8851949202,7xcvMV3NooqQYYR58UnjeV6FLK9Sg5DhdumD6sW7pump,2024-12-23 19:35:32.000 UTC
OREO,788319.9709266693,BEYuHdhRWZTaCvxEHnizCEpAXCQrLzsxdRct5tFEpump,2024-12-22 19:08:54.000 UTC
KORINA,782659.3541506432,5EyawPhPtEHMYZJTijMXChK1ZcEiYQYjJAVHwiEgpump,2024-12-27 00:06:02.000 UTC
GCRAI,782553.3029228395,2uj63tCofzY6UTKiexnNrMwriqyBX9SCJsPDUQaVpump,2024-12-21 05:48:47.000 UTC
QUANTUM,781737.4048182992,33VH1GiinJaxReomvRXWuFoGx1qYoaKsadfSZ5Fgpump,2024-12-19 11:25:14.000 UTC
Helium,780531.6729167417,3kTSaH24VLTMuws42o8FtoJHNKFMDXQJgDedUNpjpump,2024-12-27 00:22:56.000 UTC
Kedreamix,776320.100077542,H7ZwXFvhZiojGFnnznhSa3KEg7h72FDqnSK2HK7tpump,2024-12-22 00:41:12.000 UTC
NYE,773532.8860228343,HwdwHMkaTkYREmWwQDGNgbtAou43nE9ACgdxkW2Wpump,2024-12-20 23:07:19.000 UTC
INF,771746.482394709,3t65keWG4w3YeiZFLhvbadCPg2LnztvF3B6D3g18pump,2024-12-18 18:02:42.000 UTC
GONEURALAI,771426.6125328776,HY3gcUfcGR5JD7nT59YRwtgKrB4MW5NtNU2Lzc3ypump,2024-12-25 01:33:01.000 UTC
folder,768377.5340651809,35UWwErLXkM6uYkqjb8HVxnzBseKxmEPdNNTLhdypump,2024-12-23 01:49:11.000 UTC
CLARA,768190.7415026078,Ffr7vmSa7C9LvnvyZMcykUjcH1Np4CMeiWwXA3yypump,2024-12-22 00:00:46.000 UTC
PoFDM,767688.469504178,GSGSsEyF8VUSK2zFnvNUu55RhCm3vXfQ9SuVe8PCpump,2024-12-19 01:43:38.000 UTC
INTAI,767093.0625830443,37JPafRmAzTe6GxgPkyQFVbnT8cSuxTeE7pVUH8zpump,2024-12-23 06:33:55.000 UTC
NEARAI,764603.626310779,EqAsK9dyyPj6UVGtcqo7D3WvHpD4MZtfPsyTY4ybpump,2024-12-24 16:33:05.000 UTC
AGENCY,761747.9347250222,CfRj2fAQa5xYHucZ4FCmqSHqiFjb9mxAhngTCZdWpump,2024-12-25 00:27:47.000 UTC
BJ,761525.5569459171,26qHWXyoXe74z4FtruAEAgCDo485Mfec2yaiTGxqpump,2024-12-24 20:24:31.000 UTC
ANDY,761226.6477507827,9n16NDA1bs5EX7EMRSGWPkb5m8qmE5jHRbriY7GVpump,2024-12-21 00:14:46.000 UTC
love,760914.2213526473,4YLt9oohXPQR6VwJFpKezecbAZgoKG9fzg3HhaAFpump,2024-12-19 08:53:54.000 UTC
ToP,758839.0047273325,HKh6EFdepeSyD7ZVPbdZJ8iRA7FAWgrG7EnLT9xMpump,2024-12-20 23:40:22.000 UTC
DEEZ,757302.0417078502,4RQoJsWt7bEgjcRzp1XoWnAeTyY5A9ERCKayJk37yA1C,2024-12-20 19:43:26.000 UTC
BIOMRPH,755639.8056667963,8vZMr19XXwj3eBqJoQRQ8K2KZVztsWevEGpFLtTepump,2024-12-20 05:29:35.000 UTC
DW,754802.009979691,C2fgikTaZdhuktQes5A5hG9LbwCKgtDsK8msxC5Rpump,2024-12-24 08:08:58.000 UTC
Vortex,753294.46350965,Fqg3TSQWD9dyDcd7JtLN2rPjTKzr6j5ad6RHG5WQpump,2024-12-24 01:47:51.000 UTC
DOMO,751265.5568180358,7UQUyVddgEScQHWtWvYrcxWvous9vDMb44Ugc2uspump,2024-12-21 20:58:31.000 UTC
IVORY,751000.4033720099,5u4Z4q8hHj3tjFt9YCWk6zAHbmZvLkfiwdJS6agMpump,2024-12-18 01:48:21.000 UTC
BALD EAGLE,748938.0651348374,CC422cYvUeHkd4zsb93EuMVq2iqWVcTMvup4bqdJpump,2024-12-25 02:15:32.000 UTC
SQM,745534.3646712381,A8FXuR7e4XbKhwGYgNPeUoLYrJpy3CKSbXv2Uxfspump,2024-12-26 21:36:12.000 UTC
BATCAT,741664.899062581,8BktnYD3ZYiVGiD3vfsbVftUrByYp84FRkQYtfgpump,2024-12-21 00:08:42.000 UTC
ALIEN,741428.3266595278,8JUuJzCZVf4SfUPEUswEj25Nr2wBwrKosbeJqqsVpump,2024-12-23 08:17:59.000 UTC
PhantomC,740396.9041264218,H6C7LGt5mmpoXWnjTUyZGMBWcq5nXuFC4P3napdVpump,2024-12-23 00:13:17.000 UTC
VILLAGES,738105.4357508273,YyX2UX1Xy8QifWH3wCmBPgK2tq8vpN1tY3FtQuEpump,2024-12-21 03:42:26.000 UTC
LangChain,732700.2180695952,AuKCkebYeNT2j9ZC2r6hRS3j6MLVcFVghfn9JZwrpump,2024-12-27 03:37:14.000 UTC
kylia,731952.5255026207,BGc9Na4oStQaPSPHNXXGLieRi5Q1YgeZ8C1z2nzhpump,2024-12-26 22:41:35.000 UTC
AVAC,730338.2387894045,Fz7avoJ1LGFhnFgi4qZoC7fjWP9cgNYaz7Ms5QwHpump,2024-12-27 21:01:22.000 UTC
Pippy,728624.8414250698,Gy9toFDpSmwRod7YjtpMjqx4ApNgZM73KXuTHh2Bpump,2024-12-19 12:23:56.000 UTC
nigga/Lord,727419.662391794,42TiwQ9toCsuYMjWD4YupmTdRbyMyabUMTC3Q2vPpump,2024-12-24 01:07:22.000 UTC
chAIrity,726668.4768094798,Dr78BeTT7SqVon6Bq73sQYCXky4NadHdrtZFJBmppump,2024-12-27 06:51:29.000 UTC
Waddles,724667.6854707835,Gt5KN2qeQ4cPY6zK1ZWr8RB1fUdXqTq2wdFV12Sopump,2024-12-26 06:29:47.000 UTC
Grok2.5,722074.6290965484,7NLKUrpEpHVbEpY3vtBwUApkW4X6SjK2EQfiYjkBpump,2024-12-20 16:07:13.000 UTC
UFA,721373.5170619767,6QoMUgq5J2PQzVsf51oGS4cyAr6BRkLzwmFeuMRpump,2024-12-26 23:17:22.000 UTC
TRUMPCOIN,719316.5817257016,9qeVGT6ZjbYV9xRnrPatNkKfaKRumBwKmWDRGVzWpump,2024-12-20 04:51:07.000 UTC
SENDIEEEE,713011.128545953,7fZGDm2Z3goD9CpJt87Y9smW526tYTrVkAcSTNrApump,2024-12-21 20:56:23.000 UTC
ST JUDE,711394.8138438573,maPhRPvdTAohyX5YAU4mGg2NNETJtqU1miaHCahpump,2024-12-26 05:20:28.000 UTC
CASH,710161.6048512423,2GCNBQrxSbuGxjEVwvbC6B1U8iQqqgjK5oTndTicpump,2024-12-21 22:37:06.000 UTC
APOCALYPSE,707596.2184485235,ChekqABYVfCDUvzKbT3h953Vz13soyJQQQnzP4Pcpump,2024-12-26 19:52:10.000 UTC
Biotica,707457.9403510882,9pwShhTaTzXa35fFATQn6GXXfaCymi7vTkhS6dtppump,2024-12-27 19:58:31.000 UTC
RELAXDOG,707210.687484108,68o1DHL3XoEESBmMU1a1qQwe5BMAV2HFVPCCb5qmpump,2024-12-25 18:57:55.000 UTC
palo,705993.9169273846,CekrqCwXm4fdFxRQQY9a1LRiwuctkZeopt6mhHVZpump,2024-12-20 20:37:48.000 UTC
SUDO,703416.6552608038,4H5BULwQ2G4kkvyVxsJPkrSDxbsPdHYkoic8rA1Upump,2024-12-18 15:55:56.000 UTC
Regen,702612.8832870695,D8gi38sZQUM8e9JUkF21qJ6H8g9wuwts9TwvuPf4pump,2024-12-20 21:23:18.000 UTC
SWRM,702265.2535864061,9pq8pKYhksPoZ1XRv8qGXAvwMWQh8WEoyuJLtN9cpump,2024-12-19 22:30:11.000 UTC
SNOOPY,702114.3678289247,GXJmxv2PmjxdknyVBc43gqgMrtc86TRfHDFkWriupump,2024-12-26 09:22:56.000 UTC
GAME,699890.1354315729,9SaYZ41yzqhuzgDsuLQxtg31YEzDymM9RcdVQ9ahpump,2024-12-26 23:39:09.000 UTC
ESSERE,698974.5099050222,AmyYwM36ti1iWqLCddPA5VTyr7BYooLthAT64DZYpump,2024-12-26 15:42:06.000 UTC
amigo,697533.1685365012,5dMJi46g4VDNEHD4kCaEfZR6NvkZ6s2fvA7gtm65pump,2024-12-22 22:47:48.000 UTC
RINO,696845.297475754,69ErovVFi8iiu2AjG83sNMrW7cgBowmq5mz4NcHmpump,2024-12-26 10:30:12.000 UTC
GWEG,696350.9332825434,9df4XSjCFdZbtJLvWDKhvUJsa9oVhgto3bdmVDH2pump,2024-12-20 21:01:03.000 UTC
Elaugh,695835.4174684994,CwpyBz5XxiyB4We2QmnebUP1RdYXsdFVU5rpqAUypump,2024-12-21 11:42:07.000 UTC
gooby,694805.5213795232,96uN6YyuKjJLAoRWkFCg9TBKwxQF82bPZH5HnbdApump,2024-12-27 15:42:51.000 UTC
FRACTION,694575.6191807379,D1k58nLahBmrUiR36PX59KZkFDHFrDoW7qEuYUrcpump,2024-12-21 15:13:37.000 UTC
Maggie,694327.040507886,9xqCwyxMoaogaUc9NWriq6E1jN8JTptGPZ3D5eEdpump,2024-12-18 20:51:25.000 UTC
LOTTO,693962.8555510178,1ujkJN6poGS93mWczhhewNw25rimYt9LCPz8kvpump,2024-12-22 22:02:31.000 UTC
230,692211.5076953919,3h5EEH9qBiFcv5hgh4uv3zX7sUoVHna1qTqp3GVvpump,2024-12-22 14:19:09.000 UTC
GRAI,690893.1516932577,scTdi5qfMrhGdDXg4osjWbPuBfSwCsFaEBfHw4rpump,2024-12-23 16:30:02.000 UTC
Lara,689261.8126344883,Gx7yVYCbKdfziKQa7KVdPVuQy99nmz6CgmKSYxPjpump,2024-12-24 17:45:28.000 UTC
Bact.AI,688990.2348556462,2snGF3pGKoMkVeFnGdReZQGsGyNFf1zGDzPK6trVpump,2024-12-21 05:18:45.000 UTC
Gemini1206,688853.1393473892,6V5i5dtZVUFTKZfja6VT3YpGRR7yKxA8WXjJDBQypump,2024-12-18 05:02:10.000 UTC
PENGU,683732.4514401373,BvhkRqm9SuuR5fudX9DAGsXqVeqevdBxzpmVCJgzpump,2024-12-18 19:35:23.000 UTC
Earl,679254.6871981972,2gSRyMZpj3gfdzFk3h63hW2jAsednymmGYcbjxX5pump,2024-12-20 16:58:16.000 UTC
NETRUNNER,676565.8404470851,2ZrdCvB14p3qiZBD26UEt2SjR68rvivfEgeKRKLVpump,2024-12-18 15:41:52.000 UTC
UOD,676481.7849736324,4wPBT8FBu7XRLcEubC8oszQFVmZTmpcfo8KuYGKxpump,2024-12-19 16:40:44.000 UTC
AINAR,676337.6403287941,JAmMtr3pWRWCVYW8MtwdH97sGQgZK9LAcJHQWmQTpump,2024-12-18 22:43:14.000 UTC
MABEL,674960.4604893206,3T1aouYjRrr5DNK3QAJnX2TbsmGbR7CTMyEhFKCapump,2024-12-27 03:52:04.000 UTC
Woo-seok,673704.0420143334,46QUrGi9UUQHLjDVPrhj7LPmBnNQQq3z2SKwY23Ppump,2024-12-26 08:58:46.000 UTC
NEXUS,670907.0501620097,AYFArKFkuoLzrZbmyZQXNc7HxQPwKJJHfGrkpnDPj5yt,2024-12-24 20:03:24.000 UTC
TRUMP,670136.3208558921,DpWNoocEipWmEqsq5omrBHEFy3PZVg7ZxXxSHPGWpump,2024-12-20 18:43:57.000 UTC
AVID,669364.8805277663,GcwxiJ5Vj4dCfLoxRLeCmzoLxysPaCWsTcbxFFqTpump,2024-12-23 23:52:49.000 UTC
SQUID DOGS,669067.0760711576,13fEyDz9X7EjzZQqHeCZfjKCMpdzF7s74uNayPcMpump,2024-12-26 08:55:47.000 UTC
NEO,666170.2727235341,CjM4MtFLpHmPkH3NmhGiA4KowMkRuJ8PGmFY23dQpump,2024-12-23 20:47:38.000 UTC
Internet,665669.0653028511,BuCm3zvDyLHh1hUtu4Hkdux131q4XLLYQL1VYVZBpump,2024-12-18 14:21:53.000 UTC
writer,664971.7436649401,C6DyN41t6kcvwwdZsxW1aaqD11NLvaZKoMEQpQPTpump,2024-12-23 04:31:05.000 UTC
Agzo,664635.9814327233,GZ1C4m6t27Ai6uKTCLe3M4PLz6EoX5zUfd3TmM53WTNL,2024-12-22 20:50:17.000 UTC
Ela,661660.0359391932,4EM88omQoD3VHmqHc4ZRnhQedVZ3pVBzxyV3HA7Qpump,2024-12-20 06:57:29.000 UTC
SONIC,660812.4291980186,Cnvw36ysNdmx4TTyY4QGqADK83eJNZMqfwhViuExpump,2024-12-23 00:56:53.000 UTC
ARCANE,659747.1058585913,V569EMNEY1ygAUmuFNm8KGwQCNnd4VL2W4UqPTGpump,2024-12-21 00:06:59.000 UTC
BOO,657727.1913260191,9DeFwV8sLN59nsZeZDD82LFZsyouyfGoMQWH2N6Zpump,2024-12-26 18:50:47.000 UTC
BOSS,657046.1930419693,FCwVtxAmSypmUfPEuAT7S5S3ii7rxeqrRqqQiy18pump,2024-12-23 21:39:45.000 UTC
BABYPENGU,655267.6917194417,FfYcfLDnShbvr2V6iQFGmL8GevtxZgY5fyd1UzZ6pump,2024-12-24 01:20:36.000 UTC
GENEAI,655266.6687958365,AbUhqf5zRy6KjwZSUY4vSS2MCDY1BmLmMKXVNXRcpump,2024-12-27 21:14:48.000 UTC
RINGO,654388.7647998682,93gNoQh6qQBa81qUTNC4ABZonuvnjUTP4knVQwBkpump,2024-12-20 08:50:52.000 UTC
PU,654123.8140295235,2ru4fpqXDnkLkW4bC9kfpLAmKExZe35odcisStCCpump,2024-12-19 20:53:21.000 UTC
ABSTRACTAI,653895.1796908509,9utvBeErCCdvP12tt1ZCMH69VgNVm1YnaAwj8sFgpump,2024-12-21 18:35:41.000 UTC
DAI,652504.8343246583,CWrGrhThQ1hrEJQ7paGBwxFYNrxXvBpLwB9Ec4xwpump,2024-12-26 18:36:26.000 UTC
AGI,651657.164805489,7LF2YLaCBEcCAQ3xNomSWQbcdcQoakMhz3u4Zs4q4zkD,2024-12-27 21:27:44.000 UTC
CETOS,648071.7947601841,FpZGD6xTT9PFnbfpFGZEcLEfDtWH8btFaiAsQqSupump,2024-12-21 16:51:31.000 UTC
BNUT,645159.7525698747,AJDZQz6hoxjZZ4nUAWVTGnDS819LFHqjcnPshTPcpump,2024-12-23 13:51:23.000 UTC
RPTAI,644796.0445007012,6LH9NE1AuQiJNN2aET9UWFCe3uVat75AAFNN8CLapump,2024-12-24 16:21:31.000 UTC
INFINITY,642224.770600867,CCTgbSaUKruauMy5PmhdYagyt58HWu4HGVrQiVwEpump,2024-12-24 17:39:10.000 UTC
BBB,642099.5001962243,6ttmqXzRvMMqwDfe2682FViwreVzY5USiHqyq2uipump,2024-12-27 01:42:51.000 UTC
GRINDERY,637004.2422189611,EG9aNb2AQsxWMWK6BsCrjXcVBjuQeeAjyF9UmynXpump,2024-12-21 21:00:23.000 UTC
CRTX,636600.197866923,HBnLhqeYedAMEahSWEpddmeZAmy16dsrQzHiTPwupump,2024-12-25 07:29:01.000 UTC
MG COIN,633155.5192403514,HFf3QAyVtBaFXDAF8A6TgBtZrEyjcCU8BUvp9iL5pump,2024-12-26 08:06:18.000 UTC
BELIEVE,632926.5096616488,Cd24Rq5huTpdnK5RASoSiEfo1V1tX5cbhwV3Jhgopump,2024-12-26 01:05:19.000 UTC
AgentisAI,632637.0736656163,EBeQKEZSHAZ4PFCEs91YAxnAo4kHLbtV5jZip8P7pump,2024-12-25 16:24:05.000 UTC
LEE,632182.0398909671,8sNGKTnYD44aGtywMnHPtLG2aEtFDm5e8PS6Uwpqpump,2024-12-21 18:49:09.000 UTC
harmonicat,631194.8816411402,5fEhXH5pR3VLyXVwjkjRgexbPvsdSjzmrFcpsLUxpump,2024-12-20 00:22:02.000 UTC
Hailuo,629211.2203000276,6rPy9n4HfVetMt2JSMaNnGfgCL7GQXEAEcfA4ZZopump,2024-12-26 23:00:00.000 UTC
MALINA,627974.9466100173,7e1XBAGnR6abSX5EiBX4DhGKCLvnHvYLsSvEqXvGpump,2024-12-22 22:25:20.000 UTC
Squid AI,626196.2800002286,EV7w6ATBSzgiM86EkqcJsovxCZgSVVuZCTrmCsfDpump,2024-12-26 18:01:16.000 UTC
Noa,624553.688232124,AzxWbqEENwGyj4MabnGdHbcz7PhHbmzHvgTfktBApump,2024-12-26 06:21:14.000 UTC
RA,624529.3622153476,9MZ34Gmi6WweDkwSXrEJRFN9wkFQYNtrs6oRT7fgpump,2024-12-23 22:17:03.000 UTC
TREE,620083.1746233903,DFfbaFDB1YADtfNtQq5YovdbdRpWpkb3V4sJjQxQpump,2024-12-23 21:38:10.000 UTC
UDD,618215.5667441777,FaKYzXBnQ9rg1JQ8hYA1R8FHn226yAPcxJLrWDoKpump,2024-12-19 16:05:54.000 UTC
RUGCOIN,617072.9864689725,12wrtyB92z1re8NqNEB7Vaj6d4NW4gyVdHygRhgppump,2024-12-19 23:22:22.000 UTC
Richmazboy,616872.2366312278,6VC9eNZDLno7JRp5ihTcUeo7QAqQosay49cfdKyRpump,2024-12-24 05:42:22.000 UTC
QUEST,616790.0586377786,DGrpS4YeAU19XaAmraK9MEdP4A5nrFY727VdwS9Fpump,2024-12-26 21:22:38.000 UTC
ARX,616138.6095988817,3tz75oF1xhP1Bh3W5qewwYh5U19fY8ZVDC2gF8ZApump,2024-12-20 07:21:45.000 UTC
MT,615685.1845871679,A9fUmTPYHL17QkAystRdEHCwGWYcJXYnzUyjw4d4pump,2024-12-27 02:37:26.000 UTC
STRAIGHT,614541.4296060118,5FigGHdfYfTvEj4yMF67ShBK5xfX28hSfUG7VxNmPYhk,2024-12-27 19:29:31.000 UTC
SNAKE,612838.925609675,3RbsagGHZqo8FfrvJ9qfAqoD1E3aWhSgYAZdYx1Zpump,2024-12-21 16:43:01.000 UTC
GEN,610774.6928011884,4q9FLoL3KkX1LYSncu2KGBjBaKCnviSTLeRu4VZdpump,2024-12-24 15:19:00.000 UTC
ZerePy,609895.8048224176,ES7Y5PYHUiTWMfSMvcQDNQebwy3Jyk7bJUYX3ZFXpump,2024-12-24 21:26:36.000 UTC
SAYAI,609381.8076351733,EToV7zF2hTGBqenTDhWiaciPiTf8C5rBNqCyUUCKpump,2024-12-26 17:24:51.000 UTC
vexbolts,607230.9341090614,ECGHn1t58bjcHk87WeMvAfaXeXbtyWDCJ44XbrcNpump,2024-12-25 04:59:01.000 UTC
IAA,605117.5378236531,2ycmRHkKZwk9Qg8Ej6WNLVHueqjkRrASt4QmKfLfpump,2024-12-26 05:39:51.000 UTC
DEEPDAO,604652.5468173466,8THdEYTTDzX3t3FL9Z1axW1UV4uKDm8fxm8WuxxTpump,2024-12-20 22:05:23.000 UTC
Mivi,603593.2381814775,8xYhCiwjvv76HSVDi8sd2bNCQ7hMcyscyyoxS6X3pump,2024-12-20 18:25:27.000 UTC
DROG,603073.8346551211,4QFPqY25kX7MPxpS1KTNcLJU3FSXtHG6rmJtPZirpump,2024-12-24 09:53:30.000 UTC
MTK,603007.4667072516,GUTdwZ6QXG5BC8bsSYZBdSFwn3KRnc2MTkNhN5VimC9p,2024-12-22 07:26:46.000 UTC
PERSONA,600558.2727453297,oAjQ8RJLgse1HrBRJXWA7t4exFJhDAvhLZhninSpump,2024-12-20 23:05:34.000 UTC
spactap,599642.4623136678,CB9zpMRGJpHEqYez2YZGJpSYe6Ceogv5W2qye1MFpump,2024-12-27 02:31:24.000 UTC
killy,598719.1871038014,Hifbs8Vdk2rgCZNqA1twmEgWHQZhmXs4XHr9DJzspump,2024-12-23 11:31:51.000 UTC
VIBESOLOGY,595758.5008195201,9QcgzxFpRn9nLLsdoDbdSJCB5rXSmk43cwfEjimPpump,2024-12-26 20:36:25.000 UTC
BILNET,594271.1642537661,2CLiynjSi3MdQL6u66ocq4L2r37edTE1EXndFntQpump,2024-12-26 19:57:56.000 UTC
ZEUS,593573.7673595211,Fe3sEB1cAt4TsETqmaopPQBto5o8TsY2W2NTw6H9pump,2024-12-26 20:05:33.000 UTC
PDOG,593530.0845914502,HZJzshAvUKEEdr7k1dAcV82mwGYhJgonWcsqhV6mpump,2024-12-24 14:55:07.000 UTC
PIKA,593225.3041506242,CJNnj3Z3b2Mjf1AXKDoc9yBDKSJ5ypKX5Yyg8fdGpump,2024-12-21 14:17:37.000 UTC
USACOIN,590888.2222110543,HzzK1Xnu5X5Qe5AsKGNUJ3Tuk6d1hjeNZaL5Ciibpump,2024-12-21 16:26:58.000 UTC
SQUID,589785.7852559878,D9bmRTWpqmFpCPAaSQvuRur84wZcduasD6vnv4WSpump,2024-12-26 21:48:19.000 UTC
PEMDAS,589745.4087501669,77Ljer3dxjYCXWB1ERHJkMnLhEPEVR7AseoP3tkebtE4,2024-12-18 16:22:44.000 UTC
dearsanta,589075.3667192254,2Y2JfqxcWVW6XLffy3QP6FnGc9hberMW2bQ84YPrpump,2024-12-24 00:53:05.000 UTC
swag,587527.2039086878,DzWgQgrsht7C6ddiWnbtwyageppQgn2P8Udhmw1gpump,2024-12-22 05:45:09.000 UTC
CHILL,586584.4631217715,4u93k9znEoh3fwwwfXCLXPnZ1urUyBx8AfWmsECTpump,2024-12-25 21:55:15.000 UTC
CHRISTMAS,586357.8397987155,Fvob4X2c3H84D5v1LJEESKLd9ziAo8te3HzTQQMmpump,2024-12-25 07:56:34.000 UTC
MKTO,586182.5271530349,GAxF5hZE2PHf6XTV3V9DNuMr2zApyLuzBFsHXBSfpump,2024-12-23 21:58:54.000 UTC
AURI,585466.6612739747,4HTubQMQcGmbLJR9iCqaqjpCJTBiVtXVEAaUrnT5pump,2024-12-21 13:01:47.000 UTC
DAN,585443.4842683409,7uR9TyRVHAJDpe2KYfWbhuYPLrP4rDirrXWsuG7Vpump,2024-12-18 13:50:09.000 UTC
BAT,585075.9481876347,2qCob8wBHMDMP2owqxEEJ5coiqT85nxJRP5apVszpump,2024-12-19 18:47:08.000 UTC
TRADEMOON,584999.9037703741,4ULi5dMytzyR5vww33KG9EmZGsFKUnfRN8mFVpstpump,2024-12-21 09:53:01.000 UTC
Text2Fart,583523.3496150936,AGqqNWWhMycqxgRfdwHvrUko2deJNjPykZFSxPhbpump,2024-12-19 07:19:50.000 UTC
TAPCAT,582850.6049433985,C4NXsXoG8MmDjhanrkN1jonJuiT2KBkuYq1HQTampump,2024-12-26 19:37:03.000 UTC
RAI16Z,581479.391122193,61m6NyjU6bEwnfDXoXthDGCmqeY3mQAX46iWM7mapump,2024-12-26 23:51:22.000 UTC
Era,581086.0143724119,6YZkZhaNhWYo4FbQLpF6RTswfYZw8m4p3HwAjic2pump,2024-12-19 19:56:54.000 UTC
hello.jpg,580111.2874713591,G42NU4FHH8hiCRFVRuo9SmtdH9T44614Qqnwuwmipump,2024-12-19 01:15:40.000 UTC
ATHAI,578722.1558700784,7Vnx8zPDvpfjmmN2CuMRW55t2GoKLzeNLb7c5iS9pump,2024-12-21 17:34:29.000 UTC
meedotfun,578686.4752814091,4Lz1nD9iRLP9TjwUcZoacWfZn9ztPedrJQnQgbcWpump,2024-12-24 01:23:14.000 UTC
Young-hee,578547.4910114532,FsAMCgR1QgPcydCyMqqzxHifQ6w9kqz2KmgTNVzapump,2024-12-26 09:04:03.000 UTC
CHILLSQUID,577973.091973948,2rgUipc2vvEgUSy16UuWZ5q4B2areJdee3aYkMFCpump,2024-12-26 06:14:22.000 UTC
VOR,576412.1570838819,GdsZGcBcFfVherhphnyruceZexoHKNBKvYeEh5qnpump,2024-12-20 04:57:56.000 UTC
PODCAST,576247.2148185462,4tyq5kPLfB9pbq4FZMPBA2HwkAfRdJcbPW2ZaUUhpump,2024-12-23 20:05:43.000 UTC
"""E""",575543.7435740692,kbJVWUnvLMnmSGA1HqKFJRMAETEaMBK89RMbFiypump,2024-12-27 20:17:58.000 UTC
whitedad,574763.9691073784,BGHmrZ5nm3xrpwHqTMXsnZPSD4j1ZLiGnv23Fddspump,2024-12-25 21:54:16.000 UTC
bri,573758.1266370259,BECDsqZZaXyDKEFbfmeYVWRPFHkr8TeFjZrft6bZpump,2024-12-22 15:52:57.000 UTC
ayumi,573253.4738260002,G2i9D3KYEB7Ap6JLJoo4hz6SeeisoA3szfX1RhsApump,2024-12-21 17:29:11.000 UTC
MUIA,573250.6324645856,DmhkpwNvL5KiqwqtrR1f6Sziz4bSR2jtaGzqUarCpump,2024-12-22 03:47:18.000 UTC
FLUXION,572838.9731997135,8dY5rm3E6Kvjz7AfmNrAQ52gyZCnHKAxfCkp4Lnapump,2024-12-23 14:27:57.000 UTC
BRAIN,572815.0908398846,AvtWpERtRYq3v8LvMDg8FmrznG8ekWQ1QeZ6iD1upump,2024-12-21 00:32:25.000 UTC
Superteam,572630.3695172496,2iEv3aCsrhuDk5TWLkPCCMPUXkvQeDF5EVcmjzrTpump,2024-12-21 22:17:43.000 UTC
MOTY,572522.5345678371,4VE9rjqBVd9kMH2ZurEcowGdSAzG9xsSDgvSrbv6pump,2024-12-19 17:58:19.000 UTC
lou,571936.1100760992,E9gsVqNyLva5zKQRacBJ7JFbEDqJA4CDMiFMBZmeQYVR,2024-12-21 22:05:01.000 UTC
HOHOHO,570529.0419412492,5YobY4uK5qPLc4P8Edjh9Wj2MZ6sRcECGFHaNjWdpump,2024-12-25 21:03:07.000 UTC
BBQCOIN,570082.0215903091,9BmiCfxvWuWSAp5GwgL215DFKLndkyFX4aBAqRE6pump,2024-12-21 07:56:23.000 UTC
Link,569601.423226937,68NGoHW2oJjY2jftP3yGGzY26cWvMtjXjh2e6J6zpump,2024-12-23 07:59:45.000 UTC
OF,568591.0173862462,AjQ99pRAXNEMFeohC7sM8QrWVbjugA5Fc8DxEmQRpump,2024-12-19 11:31:21.000 UTC
FROSTY,567806.2198400671,3MikhS3rgi91uyL9xKE3FJ2vmhri2LgeibLSkgN6pump,2024-12-18 05:44:00.000 UTC
HOPE,566357.2144066667,7bYKkF82EzpKVdKD4gDr1uBJ6snBZJsWqZQguMfipump,2024-12-22 13:03:31.000 UTC
dou,566095.118011464,EqHaM4YiiG7posgTVcG6WKZkVvDudwmXygo43Vi1pump,2024-12-22 19:22:25.000 UTC
GHOSTY,565717.6291777185,65VKaibHrWno11RtHG2ND57rPNoEqGrZSUxH1acypump,2024-12-25 22:15:45.000 UTC
FSW,565179.3403284582,3c6fMDYfbYyfaVszsdi6hnHaHKVzcM9rH2VpDVDApump,2024-12-25 06:20:28.000 UTC
LISTEN,562939.6848949086,B8ycWyCkohntSdeAbgJdxJU2LTRfvsk6v9hKg2Fipump,2024-12-18 04:34:51.000 UTC
squAId,561077.3684796282,gzJQjM9PBvdbCwWGV1gg1xKM8EgVEm4jCbxNct4R23V,2024-12-27 05:47:53.000 UTC
LI,561020.5771615582,7A8W4c4wm8yjeYf9FnEKekwzH9kBZPiXpeC66jtkpump,2024-12-18 16:08:42.000 UTC
Sulwe,560096.767328152,6y8xcdLeuMgZhuSAf4VSJ7asY1XY9Q8bqBGQPzqspump,2024-12-26 19:49:47.000 UTC
XORG,559811.15844232,9JEPrfbgvrWJRnxTRKXy7NGhqDBnkLWeJKQpQC3Gpump,2024-12-27 21:07:48.000 UTC
UFDT,559398.2637800744,Dj1uofauJK6Yp9TVr5wHyEouWcf2sJue1Btm2xQ4pump,2024-12-21 19:12:38.000 UTC
2FA,559356.6412165649,BGk5bLdD5MrcXV2UBGdUUW8ckEVU3s3ijyWoEtCpump,2024-12-20 22:34:13.000 UTC
SOME,556739.6447407852,HxsQWes9SgDfx6gETmjAjDyDPjJuFxTPFdkohUAkpump,2024-12-21 17:45:09.000 UTC
CASPER,556483.3988630174,UQAHPZNSZBesXZ9z71nmYFLPipSjjpmdvRzmcwxpump,2024-12-24 04:13:34.000 UTC
NETRUNNER,555869.9061900411,72R3Z1i4wbmuKkhnmeHNTqx2ypaEYjzSYeaMp8Ppump,2024-12-18 05:26:30.000 UTC
CHILLMAS,553958.9626331744,PwQHEo8Wpe6zM8hWCzQz4CkgBpnSgiN2o4rVAqYpump,2024-12-25 05:10:00.000 UTC
‚Çø,552964.6617478197,5Yy4T8sHZM9qQZ9pz1jngwkFfkVFaoeyZToJniempump,2024-12-26 23:22:55.000 UTC
PFD,552526.3021267023,GxWUQJtyJj8Yr1WPbjc2o5YFW3MQhUycB5wupsSNpump,2024-12-18 22:27:16.000 UTC
DUEL,552476.6854304444,DyGrjzZ7cnZdPRZ3sn5AiBz3UNTHX9EmoBtGXAvkpump,2024-12-26 18:16:28.000 UTC
ELON,552430.4941346992,DTwpUQ21jxhz4KCrBAGH35nR2GkLRozTtzQegxvWpump,2024-12-27 21:50:29.000 UTC
PULLDOG,552101.5056438264,5uzGu7B7aEY2f159V6Hdz48bfah9LPf5Mc37RcpBpump,2024-12-21 20:22:30.000 UTC
SQUIDGAME,551067.954731724,Bwr63reS6g9LP7myHtyG59AKqgMn7TTXzq7zmpQwpump,2024-12-26 08:48:06.000 UTC
gudtek,551023.4395218532,AQAH46QckDdYkSzgpaCk28r7G3dVBd7jxBohos6ipump,2024-12-20 03:53:45.000 UTC
ELMNTS,550816.7715283768,A19ctoEKcbhbNvPNNKBJT57TLxhVDUHkENrKp6tepump,2024-12-21 21:15:50.000 UTC
SplineAI,549830.3380671107,HjXuWZFKGjRkpyjHLnJyJm6DFegJNuW2wSdUaZBbpump,2024-12-20 21:54:53.000 UTC
LLM,549205.5406373753,6wV3kaZk8sATQRSx6o3w9eiX7bCXGbuseJWjQs8gpump,2024-12-21 12:49:11.000 UTC
CHORUZ,548412.2078323978,361pUXTPohPEgcnCVm7DUvNziizK37gVxLN3cw9Vpump,2024-12-23 12:01:58.000 UTC
PENGUIN,546004.0032302676,5VdnbhJ8GkXRytGtnUM7nEsKwovjVEp5aDCATwxgpump,2024-12-18 21:38:33.000 UTC
AMETHYX AI,545693.2681397208,Fr1B9Ewho9q1NF2BeMy5p2HRhhnruXAU38BkvKLjpump,2024-12-22 18:28:15.000 UTC
Goldie,544339.8590262248,GHrbE52LebAWhAyMJCP6BtAJs8n7FEKMwMFP5DeJpump,2024-12-19 07:46:32.000 UTC
Q1,544270.8702946493,DFdCFjyLXq5c7QK79FyHMpV8vNx9aHXToVkgme6Gpump,2024-12-27 16:27:07.000 UTC
Dickipedia,544063.9514690716,3tfJ4cjdKC9LFSXBirDy2idpzfCVBEXYWcdvyZRtpump,2024-12-24 07:21:13.000 UTC
Perplexity,542563.7295436373,B91pwUJV4wN2AEXwoDzi2eoijTm9XJ9L8V77YfBwpump,2024-12-18 08:40:34.000 UTC
Shaman,542113.2123754239,CWZBkfsx5PHJgRsiiwkWmY28tkeoHMmn371BgHrtpump,2024-12-20 05:27:10.000 UTC
lalala,540664.226457768,DRemPnoEMdghjof2BbMYxzoH9cw7wA7arjEhLhLfpump,2024-12-22 01:40:42.000 UTC
ganglish,536256.3860784462,F8gw1U9euh9fhMcKxWWfc7qRoqGu3sGy1bKyaZNRpump,2024-12-23 03:16:28.000 UTC
butt,535622.0823834102,H39JLLbe5YwvaG25A6CEsyo1wfarPgcmUpTJbFpspump,2024-12-19 16:00:02.000 UTC
SWING,535306.530903296,FvPqgDy4NVHNRtT4Mg6PXjrSax9KXQoif2eGTD2apump,2024-12-18 19:02:03.000 UTC
Josie,534549.3458487483,9HMnGCdGfcFtbUt8N5Jd3bXfnaUoEqnR5coHDW5spump,2024-12-22 06:14:55.000 UTC
BEARGUN,533756.7680192676,3J6YtdRPgt9nJWZjuk1FubgHSEGLN7HzMutcfJRvpump,2024-12-26 13:58:35.000 UTC
enterstan,531275.7923370177,BPr8iAoPz5yJZgv4hm6zDbMhBwZnmTZuWhr1xGi6pump,2024-12-18 02:11:26.000 UTC
Miyabi,531165.9839147069,3KYMbNBjLzmwnA3cFjaHmv7oiDxXHQZt9h3dqYNcpump,2024-12-23 14:45:24.000 UTC
giyu,531137.6457736815,Cs7xy4LqrAHk24fG1t4fHa9Xn8gXVUtrsWFUeSJXpump,2024-12-27 13:00:46.000 UTC
JOE,530392.1792181093,3X92A6LvF1zufeShQngKeZM8b5KXT5om1xMT7kiBpump,2024-12-24 21:49:11.000 UTC
HHOS,526702.8032068175,7zBuXvx49LguS6twev6P244QvkAeVxTnD8fwyYpGpump,2024-12-22 16:36:21.000 UTC
Alisa,526101.3025280917,BHwsuMzWwEEKJzT4vbJjbxsGL4wynhZD5vehvvDMpump,2024-12-26 15:37:44.000 UTC
PUMPAI,525767.6018323433,26kCRH6G5en9aQMraDxHvpFkSBAgioRo6PX4Tiwrpump,2024-12-23 20:52:15.000 UTC
POLLY,525626.2706860675,nibT9cPaWVDZYXbHKd1zSAoTconB51nX2CnBY19pump,2024-12-18 17:58:37.000 UTC
Planter,523431.56192761846,GjiNTQVgSsaZXWgBubC7Z4qsrAJV7T9Q9mEaVdpPpump,2024-12-20 18:48:33.000 UTC
MYSTIC,522684.2769820367,7mkxGkY5kNtqm47w2HW72t7wdjy815rWoMPA8oaMpump,2024-12-20 00:14:18.000 UTC
ONYUHBUH,522579.4736164844,2U22G4bXXyKGJFcp3hoPjZCgjZ4CmnvoU2vmb6yCpump,2024-12-22 18:51:43.000 UTC
AIB,522408.0098011714,7M8iejfFc9gDF3njnzKiJ31ujM789BLQDX36Vtywpump,2024-12-20 16:00:11.000 UTC
Nova,522097.0279986549,8VKqATwbaunVQZCntkiaSF6fDBvrLbBHB82HeMqfpump,2024-12-18 01:02:07.000 UTC
SpermCoin,520747.7921078605,EuECbMMj84xJ5SHmCVLjdju9yUJ41xiYgJmjZfAcpump,2024-12-21 23:34:24.000 UTC
BUIDL,520739.47267303633,F3cdmUALsfNaBBV279GxUZUekfb8kzGP7H2dSd1Jpump,2024-12-20 17:22:11.000 UTC
PurrAI,519012.1285353018,ABsus49ZKMzu8NfyMtGHXbAzviQbw17ZwmtDsmyCpump,2024-12-24 11:08:36.000 UTC
KANGO,518572.0247468855,5duXPLrHoX5kgQJPyQ5oaCnfxovLqpu1UF9FHMctpump,2024-12-20 23:19:06.000 UTC
CatSwarm,517101.428167912,61MkYqPW2SQVfVh3ye8yqwNGreVeoC3RurbRGQQGpump,2024-12-20 07:24:08.000 UTC
DOGMAN,515904.13404920127,6W659ThPjjEF7PavBZwoRxnkwH4JrqdbbKuDXA5kpump,2024-12-24 12:40:57.000 UTC
SYPHER,515871.7117288075,3tKjYbQiQR2iZE2QH2B5hPEkysiBWsbWgRpCxH7Spump,2024-12-18 17:01:33.000 UTC
qbox,515687.8630987892,8cuDrnqafxWRb65VLSSXMKpVNvSWNKvHdhbH4oRvpump,2024-12-22 19:09:37.000 UTC
CodeCareAI,513687.8698907225,76vUQeAhCuZu1HcAqMZB25A5WoiZcqqiCvZvQkxapump,2024-12-27 13:20:28.000 UTC
ELSA,513122.1583290874,Jc374xaGkbN1teSaf4chwyF6LcN54sFkqnPNoEKpump,2024-12-18 00:05:10.000 UTC
eli,512696.8836305435,FNk8BS4cbEdgpJiwMVgBDvdTSqGGZQb1pVoeUjLypump,2024-12-22 13:04:14.000 UTC
KPENGU,512424.6540034355,Cs9g98SWHCxXeZvNWvZv1itPXxhN2MNsPhpVxRPupump,2024-12-19 14:39:39.000 UTC
schlop,512283.4864927948,HmriBujxrvmmii1A2vdeMQ6tt5vv8jPyGb91WJKxpump,2024-12-21 23:21:58.000 UTC
ASPCA,511698.4598467761,84npW41HxLzDo7LFjVC6PbNZnueXqQnYkPKipo4tpump,2024-12-26 19:30:45.000 UTC
HAND,511081.4199286647,2pVAF1LtThMffWrMQEUh8R6LxnWdkUHYXm1VYBozpump,2024-12-20 21:33:37.000 UTC
NIDUM,510480.9906994274,FUKem85XHk2WsuHEmMz7dw1LWUQubTSeQF1zB6PRpump,2024-12-20 21:31:50.000 UTC
144p,509539.533030801,9qYDBo65Vw7BRwdzTBwDNun3SzmpVFmFVjz1HH1Gpump,2024-12-27 22:03:19.000 UTC
DOLOS,508242.1369713459,AZSgGuch5rSpxThbA8evE4c4E3NdaKS7a72FyammbVm1,2024-12-21 16:09:46.000 UTC
GPP,504694.61418125423,346qBJxY12dD7o6fVNmCopvH8KLM7Pnw5oj2Lh5Npump,2024-12-21 16:35:12.000 UTC
SAME,504664.7145299207,D7rfctthy5NWmVWNjXxTqvp1wkgWZQe73LYfEKcmpump,2024-12-23 21:31:02.000 UTC
BOJACK,504033.0087045861,Fj7qoqGJ7QSoPWNWcZag58AwCbHXgxzKHAwfiefHpump,2024-12-19 09:24:26.000 UTC
TRUCKDRIVE,502386.1503486595,3h6dsx7kEq4qfw4J2LGYgEMRsQwPXbr2e5c2KXCYpump,2024-12-19 19:31:56.000 UTC
TRACK,501569.471190542,XzyCqP723C4inN7FZnDPfQGJLmsXnzTnW24AwW5pump,2024-12-21 20:46:18.000 UTC
AI DOML,500466.02716395096,6VzbUjmCwk8mreb5g9tQn5z9EvAEDcQbgSSnw12upump,2024-12-23 16:32:36.000 UTC
CB,500116.7816650012,76vEQj5DbYYUcXm9TM9uJ6KXKSxGUdbkhHutmD8mpump,2024-12-22 13:52:07.000 UTC
